seed,probe_seed,reference_seed,encoder,defense,train_view,training_views,test_view,reference_view,montage,n_observed_channels,observed_channel_fraction,missing_channel_fill,channel_policy,n_train,n_val,n_test,probe,probe_objective,consistency_weight,set_queries,set_heads,selected_c,selected_epoch,validation_balanced_accuracy,validation_consistency_loss,validation_prediction_disagreement,accuracy,balanced_accuracy,macro_f1,macro_auroc_ovr,paired_cosine_to_car,relative_l2_to_car,linear_cka_to_car,balanced_accuracy_gap_from_car
7,7,7,reve,none,car,car,car,car,full,64,1.0,none,full,6300,1734,1803,reve_set,car_only,0.0,4,8,,13,0.5594972475095404,0.0,0.0,0.6112035496394898,0.611212242089543,0.6123183203820777,0.8383253221316116,1.0,0.0,1.0,0.0
7,7,7,reve,none,car,car,native32@car,car,sparse32,32,0.5,removed,remove,6300,1734,1803,reve_set,car_only,0.0,4,8,,13,0.5594972475095404,0.0,0.0,0.4897393233499723,0.490037479359131,0.4624451748309892,0.7642122888418696,0.951944350143667,0.32481534262007317,0.78698250301658,0.12117476273041194
7,7,7,reve,none,car,car,native32@cz,cz,sparse32,32,0.5,removed,remove,6300,1734,1803,reve_set,car_only,0.0,4,8,,13,0.5594972475095404,0.0,0.0,0.48696616749861343,0.4871224268729844,0.4630801931694314,0.7478008850712968,0.9457822126594019,0.34363285498015916,0.639329312459835,0.12408981521655854
7,7,7,reve,none,car,car,native32@pz,pz,sparse32,32,0.5,removed,remove,6300,1734,1803,reve_set,car_only,0.0,4,8,,13,0.5594972475095404,0.0,0.0,0.4819744869661675,0.4816731239883193,0.45896811354617406,0.7525222579244534,0.9327758856803455,0.3890812182178183,0.5797486899425245,0.12953911810122365
7,7,7,reve,none,car,car,native32@fz,fz,sparse32,32,0.5,removed,remove,6300,1734,1803,reve_set,car_only,0.0,4,8,,13,0.5594972475095404,0.0,0.0,0.4353854686633389,0.43575096182035483,0.36675867830925857,0.748850094755638,0.9370105734636838,0.37692182409527175,0.6733026350978419,0.1754612802691881
7,7,7,reve,none,car,car,native16@car,car,sparse16,16,0.25,removed,remove,6300,1734,1803,reve_set,car_only,0.0,4,8,,13,0.5594972475095404,0.0,0.0,0.38380476982806433,0.38443157166219133,0.25803827883436414,0.705115326766949,0.8725916136629781,0.5622447509798728,0.5448728190461871,0.22678067042735162
7,7,7,reve,none,car,car,native16@cz,cz,sparse16,16,0.25,removed,remove,6300,1734,1803,reve_set,car_only,0.0,4,8,,13,0.5594972475095404,0.0,0.0,0.3843594009983361,0.38495884377244954,0.2635836786959452,0.6980707914333021,0.8682024500090599,0.5749919103360214,0.4609478482664449,0.2262533983170934
7,7,7,reve,none,car,car,native16@pz,pz,sparse16,16,0.25,removed,remove,6300,1734,1803,reve_set,car_only,0.0,4,8,,13,0.5594972475095404,0.0,0.0,0.4204104270660011,0.4205482298532667,0.3559238629504531,0.6995990000237969,0.860954551785457,0.5901888126384305,0.44662283161933486,0.19066401223627627
7,7,7,reve,none,car,car,native16@fz,fz,sparse16,16,0.25,removed,remove,6300,1734,1803,reve_set,car_only,0.0,4,8,,13,0.5594972475095404,0.0,0.0,0.3721575152523572,0.3725812010932232,0.2609331933959984,0.6849928110463757,0.8621458437533709,0.5938707462210466,0.5219794818049657,0.23863104099631977
