method,run_dir,probe_seed,test_view,n_trials,n_subjects,balanced_accuracy,macro_f1,worst_class_recall,class_0_recall,class_1_recall,class_2_recall,class_3_recall
car_only,outputs/reve_benchmark_lock/car_only_s7,7,car,1734,19,0.5386123007112825,0.5351164853558351,0.39400921658986177,0.6436781609195402,0.5578703703703703,0.39400921658986177,0.558891454965358
car_only,outputs/reve_benchmark_lock/car_only_s7,7,cz,1734,19,0.5109516180971554,0.5041599399479503,0.31105990783410137,0.6068965517241379,0.4930555555555556,0.31105990783410137,0.6327944572748267
car_only,outputs/reve_benchmark_lock/car_only_s7,7,fz,1734,19,0.5305332798074847,0.525192375049218,0.37327188940092165,0.664367816091954,0.5856481481481481,0.37327188940092165,0.49884526558891457
car_only,outputs/reve_benchmark_lock/car_only_s7,7,native16@car,1734,19,0.3470125211795775,0.2988675359632068,0.020737327188940093,0.6758620689655173,0.39814814814814814,0.020737327188940093,0.29330254041570436
car_only,outputs/reve_benchmark_lock/car_only_s7,7,native16@cz,1734,19,0.36436954285692263,0.3122745140050102,0.01152073732718894,0.6689655172413793,0.4375,0.01152073732718894,0.3394919168591224
car_only,outputs/reve_benchmark_lock/car_only_s7,7,native16@fz,1734,19,0.36622775166575117,0.325911027536321,0.03456221198156682,0.5540229885057472,0.44907407407407407,0.03456221198156682,0.42725173210161665
car_only,outputs/reve_benchmark_lock/car_only_s7,7,native16@pz,1734,19,0.3656324693957764,0.3281341151737701,0.059907834101382486,0.4781609195402299,0.2916666666666667,0.059907834101382486,0.6327944572748267
car_only,outputs/reve_benchmark_lock/car_only_s7,7,native32@car,1734,19,0.4134370330687865,0.36373716822606494,0.06221198156682028,0.7310344827586207,0.5972222222222222,0.06221198156682028,0.2632794457274827
car_only,outputs/reve_benchmark_lock/car_only_s7,7,native32@cz,1734,19,0.4093966025505704,0.3666350128099015,0.07142857142857142,0.7034482758620689,0.5532407407407407,0.07142857142857142,0.3094688221709007
car_only,outputs/reve_benchmark_lock/car_only_s7,7,native32@fz,1734,19,0.4129381503956908,0.3563612169878693,0.03456221198156682,0.6942528735632184,0.6319444444444444,0.03456221198156682,0.2909930715935335
car_only,outputs/reve_benchmark_lock/car_only_s7,7,native32@pz,1734,19,0.422726386792118,0.39059756628645365,0.0967741935483871,0.639080459770115,0.5370370370370371,0.0967741935483871,0.418013856812933
car_only,outputs/reve_benchmark_lock/car_only_s7,7,pz,1734,19,0.5190173665314362,0.5170471636882675,0.3870967741935484,0.5793103448275863,0.4837962962962963,0.3870967741935484,0.625866050808314
car_only,outputs/reve_benchmark_lock/car_only_s21,21,car,1734,19,0.5264832052646553,0.5256732641144065,0.42626728110599077,0.5862068965517241,0.4675925925925926,0.42626728110599077,0.625866050808314
car_only,outputs/reve_benchmark_lock/car_only_s21,21,cz,1734,19,0.4972139287127537,0.4913012541152143,0.3248847926267281,0.4574712643678161,0.41435185185185186,0.3248847926267281,0.792147806004619
car_only,outputs/reve_benchmark_lock/car_only_s21,21,fz,1734,19,0.5167222925144224,0.5185727857800548,0.46296296296296297,0.5103448275862069,0.46296296296296297,0.4792626728110599,0.6143187066974596
car_only,outputs/reve_benchmark_lock/car_only_s21,21,native16@car,1734,19,0.35966033868322017,0.33752739623142886,0.10623556581986143,0.36551724137931035,0.3148148148148148,0.652073732718894,0.10623556581986143
car_only,outputs/reve_benchmark_lock/car_only_s21,21,native16@cz,1734,19,0.3649602818401885,0.35565043803852275,0.21016166281755197,0.30114942528735633,0.33101851851851855,0.6175115207373272,0.21016166281755197
car_only,outputs/reve_benchmark_lock/car_only_s21,21,native16@fz,1734,19,0.3344046408659836,0.3095742681144486,0.14318706697459585,0.19080459770114944,0.28703703703703703,0.716589861751152,0.14318706697459585
car_only,outputs/reve_benchmark_lock/car_only_s21,21,native16@pz,1734,19,0.379340867149468,0.36664513128472415,0.2199074074074074,0.2689655172413793,0.2199074074074074,0.663594470046083,0.3648960739030023
car_only,outputs/reve_benchmark_lock/car_only_s21,21,native32@car,1734,19,0.4106043911601296,0.4120309154251597,0.32873563218390806,0.32873563218390806,0.3680555555555556,0.543778801843318,0.4018475750577367
car_only,outputs/reve_benchmark_lock/car_only_s21,21,native32@cz,1734,19,0.40144480956053574,0.3997875470840883,0.28735632183908044,0.28735632183908044,0.33564814814814814,0.45852534562211983,0.5242494226327945
car_only,outputs/reve_benchmark_lock/car_only_s21,21,native32@fz,1734,19,0.41064310606919696,0.4141908626409845,0.35172413793103446,0.35172413793103446,0.3958333333333333,0.45852534562211983,0.43648960739030024
car_only,outputs/reve_benchmark_lock/car_only_s21,21,native32@pz,1734,19,0.3985260812419212,0.39592601748461453,0.28935185185185186,0.3471264367816092,0.28935185185185186,0.347926267281106,0.6096997690531177
car_only,outputs/reve_benchmark_lock/car_only_s21,21,pz,1734,19,0.4787740419474872,0.46893831404290964,0.2557603686635945,0.4528735632183908,0.39814814814814814,0.2557603686635945,0.8083140877598153
car_only,outputs/reve_benchmark_lock/car_only_s42,42,car,1734,19,0.5327492798566477,0.5287725851833599,0.3847926267281106,0.671264367816092,0.44907407407407407,0.3847926267281106,0.625866050808314
car_only,outputs/reve_benchmark_lock/car_only_s42,42,cz,1734,19,0.4988012003122053,0.49571734057414485,0.37327188940092165,0.5471264367816092,0.3912037037037037,0.37327188940092165,0.6836027713625866
car_only,outputs/reve_benchmark_lock/car_only_s42,42,fz,1734,19,0.5091143571608057,0.5024992878249845,0.31797235023041476,0.6574712643678161,0.41898148148148145,0.31797235023041476,0.6420323325635104
car_only,outputs/reve_benchmark_lock/car_only_s42,42,native16@car,1734,19,0.34871955214652994,0.28983035355892645,0.055299539170506916,0.5379310344827586,0.11342592592592593,0.055299539170506916,0.6882217090069284
car_only,outputs/reve_benchmark_lock/car_only_s42,42,native16@cz,1734,19,0.33668909914160605,0.27090951907896516,0.03225806451612903,0.4666666666666667,0.1111111111111111,0.03225806451612903,0.7367205542725174
car_only,outputs/reve_benchmark_lock/car_only_s42,42,native16@fz,1734,19,0.3332791576912097,0.25347525195492654,0.02534562211981567,0.40229885057471265,0.06944444444444445,0.02534562211981567,0.836027713625866
car_only,outputs/reve_benchmark_lock/car_only_s42,42,native16@pz,1734,19,0.33389641081862137,0.25164807632830744,0.009216589861751152,0.3816091954022989,0.08101851851851852,0.009216589861751152,0.8637413394919169
car_only,outputs/reve_benchmark_lock/car_only_s42,42,native32@car,1734,19,0.42249816583095545,0.4021358161178885,0.20967741935483872,0.6413793103448275,0.25925925925925924,0.20967741935483872,0.5796766743648961
car_only,outputs/reve_benchmark_lock/car_only_s42,42,native32@cz,1734,19,0.41850039897602687,0.4054400758276533,0.2488479262672811,0.5908045977011495,0.27314814814814814,0.2488479262672811,0.5612009237875288
car_only,outputs/reve_benchmark_lock/car_only_s42,42,native32@fz,1734,19,0.3942152524885906,0.35595467581683393,0.0944700460829493,0.6873563218390805,0.25,0.0944700460829493,0.5450346420323325
car_only,outputs/reve_benchmark_lock/car_only_s42,42,native32@pz,1734,19,0.4029860386390577,0.3708072655597274,0.10599078341013825,0.6022988505747127,0.2824074074074074,0.10599078341013825,0.6212471131639723
car_only,outputs/reve_benchmark_lock/car_only_s42,42,pz,1734,19,0.5109153545886399,0.5050855523683331,0.33410138248847926,0.5770114942528736,0.39351851851851855,0.33410138248847926,0.7390300230946882
joint_js_consistency,outputs/reve_benchmark_lock/joint_js_consistency_s7,7,car,1734,19,0.5375305643303573,0.5386645078006981,0.5,0.5448275862068965,0.5925925925925926,0.5,0.5127020785219399
joint_js_consistency,outputs/reve_benchmark_lock/joint_js_consistency_s7,7,cz,1734,19,0.5432977993620978,0.5417568463869178,0.4470046082949309,0.593103448275862,0.625,0.4470046082949309,0.5080831408775982
joint_js_consistency,outputs/reve_benchmark_lock/joint_js_consistency_s7,7,fz,1734,19,0.5386827425108429,0.5390925897653798,0.47575057736720555,0.5586206896551724,0.6180555555555556,0.5023041474654378,0.47575057736720555
joint_js_consistency,outputs/reve_benchmark_lock/joint_js_consistency_s7,7,native16@car,1734,19,0.4353388972552442,0.4337324124190497,0.3233256351039261,0.5333333333333333,0.4791666666666667,0.4055299539170507,0.3233256351039261
joint_js_consistency,outputs/reve_benchmark_lock/joint_js_consistency_s7,7,native16@cz,1734,19,0.4382390675121548,0.43604922066063745,0.3279445727482679,0.5310344827586206,0.4930555555555556,0.4009216589861751,0.3279445727482679
joint_js_consistency,outputs/reve_benchmark_lock/joint_js_consistency_s7,7,native16@fz,1734,19,0.4457966144427494,0.4465275772052989,0.3856812933025404,0.4827586206896552,0.5,0.4147465437788018,0.3856812933025404
joint_js_consistency,outputs/reve_benchmark_lock/joint_js_consistency_s7,7,native16@pz,1734,19,0.44743689118123153,0.44766933910366,0.3672055427251732,0.5195402298850574,0.4513888888888889,0.45161290322580644,0.3672055427251732
joint_js_consistency,outputs/reve_benchmark_lock/joint_js_consistency_s7,7,native32@car,1734,19,0.49769081041313534,0.49746793852165333,0.4423963133640553,0.5540229885057472,0.5509259259259259,0.4423963133640553,0.44341801385681295
joint_js_consistency,outputs/reve_benchmark_lock/joint_js_consistency_s7,7,native32@cz,1734,19,0.48501400255898136,0.48330009419121034,0.3787528868360277,0.5333333333333333,0.5694444444444444,0.45852534562211983,0.3787528868360277
joint_js_consistency,outputs/reve_benchmark_lock/joint_js_consistency_s7,7,native32@fz,1734,19,0.48561930680242144,0.48458843940114626,0.39631336405529954,0.5379310344827586,0.5648148148148148,0.39631336405529954,0.44341801385681295
joint_js_consistency,outputs/reve_benchmark_lock/joint_js_consistency_s7,7,native32@pz,1734,19,0.4919370078993808,0.49206850007360536,0.40877598152424943,0.5172413793103449,0.5555555555555556,0.4861751152073733,0.40877598152424943
joint_js_consistency,outputs/reve_benchmark_lock/joint_js_consistency_s7,7,pz,1734,19,0.5485020006585297,0.5485261125884333,0.5034642032332564,0.5586206896551724,0.6273148148148148,0.5046082949308756,0.5034642032332564
joint_js_consistency,outputs/reve_benchmark_lock/joint_js_consistency_s21,21,car,1734,19,0.5278084211554281,0.525805441396892,0.3640552995391705,0.5333333333333333,0.5949074074074074,0.3640552995391705,0.6189376443418014
joint_js_consistency,outputs/reve_benchmark_lock/joint_js_consistency_s21,21,cz,1734,19,0.5036016060330348,0.4927424937640259,0.2557603686635945,0.5494252873563218,0.5925925925925926,0.2557603686635945,0.6166281755196305
joint_js_consistency,outputs/reve_benchmark_lock/joint_js_consistency_s21,21,fz,1734,19,0.5185878465200563,0.5156391396007004,0.35023041474654376,0.5287356321839081,0.6018518518518519,0.35023041474654376,0.5935334872979214
joint_js_consistency,outputs/reve_benchmark_lock/joint_js_consistency_s21,21,native16@car,1734,19,0.4429311433989698,0.44084806373005847,0.3248847926267281,0.5103448275862069,0.5023148148148148,0.3248847926267281,0.4341801385681293
joint_js_consistency,outputs/reve_benchmark_lock/joint_js_consistency_s21,21,native16@cz,1734,19,0.4481502547733759,0.44303825878153813,0.3294930875576037,0.5195402298850574,0.5648148148148148,0.3294930875576037,0.3787528868360277
joint_js_consistency,outputs/reve_benchmark_lock/joint_js_consistency_s21,21,native16@fz,1734,19,0.4412242018009075,0.4397269873812724,0.33410138248847926,0.4781609195402299,0.49074074074074076,0.33410138248847926,0.4618937644341801
joint_js_consistency,outputs/reve_benchmark_lock/joint_js_consistency_s21,21,native16@pz,1734,19,0.45794535770785205,0.4561778138088242,0.3433179723502304,0.503448275862069,0.5115740740740741,0.3433179723502304,0.47344110854503463
joint_js_consistency,outputs/reve_benchmark_lock/joint_js_consistency_s21,21,native32@car,1734,19,0.47405990311589974,0.47158822639970865,0.33640552995391704,0.5540229885057472,0.5162037037037037,0.33640552995391704,0.4896073903002309
joint_js_consistency,outputs/reve_benchmark_lock/joint_js_consistency_s21,21,native32@cz,1734,19,0.46950627548347107,0.4639670714882793,0.30414746543778803,0.542528735632184,0.5740740740740741,0.30414746543778803,0.45727482678983833
joint_js_consistency,outputs/reve_benchmark_lock/joint_js_consistency_s21,21,native32@fz,1734,19,0.4717942068278566,0.4688572068887752,0.3225806451612903,0.5172413793103449,0.5046296296296297,0.3225806451612903,0.5427251732101617
joint_js_consistency,outputs/reve_benchmark_lock/joint_js_consistency_s21,21,native32@pz,1734,19,0.4896181338085529,0.48912351469286813,0.3847926267281106,0.5448275862068965,0.4930555555555556,0.3847926267281106,0.535796766743649
joint_js_consistency,outputs/reve_benchmark_lock/joint_js_consistency_s21,21,pz,1734,19,0.5185917821068069,0.5139100539750144,0.3225806451612903,0.5287356321839081,0.5810185185185185,0.3225806451612903,0.6420323325635104
joint_js_consistency,outputs/reve_benchmark_lock/joint_js_consistency_s42,42,car,1734,19,0.5420455256884045,0.5442816346646233,0.49074074074074076,0.5678160919540229,0.49074074074074076,0.532258064516129,0.5773672055427251
joint_js_consistency,outputs/reve_benchmark_lock/joint_js_consistency_s42,42,cz,1734,19,0.5207759342097085,0.5208879040155918,0.4400921658986175,0.5287356321839081,0.48148148148148145,0.4400921658986175,0.6327944572748267
joint_js_consistency,outputs/reve_benchmark_lock/joint_js_consistency_s42,42,fz,1734,19,0.5282139033989306,0.5298708062297581,0.48148148148148145,0.5448275862068965,0.48148148148148145,0.5253456221198156,0.5612009237875288
joint_js_consistency,outputs/reve_benchmark_lock/joint_js_consistency_s42,42,native16@car,1734,19,0.46068052784780156,0.4597634672110153,0.3995381062355658,0.5609195402298851,0.4513888888888889,0.4308755760368664,0.3995381062355658
joint_js_consistency,outputs/reve_benchmark_lock/joint_js_consistency_s42,42,native16@cz,1734,19,0.4375965004342105,0.4344730973894052,0.35714285714285715,0.5816091954022988,0.4375,0.35714285714285715,0.3741339491916859
joint_js_consistency,outputs/reve_benchmark_lock/joint_js_consistency_s42,42,native16@fz,1734,19,0.4537241776747052,0.45285041809881316,0.3972286374133949,0.5839080459770115,0.42592592592592593,0.4078341013824885,0.3972286374133949
joint_js_consistency,outputs/reve_benchmark_lock/joint_js_consistency_s42,42,native16@pz,1734,19,0.45894574707587377,0.4587295988311936,0.4018475750577367,0.5609195402298851,0.4444444444444444,0.42857142857142855,0.4018475750577367
joint_js_consistency,outputs/reve_benchmark_lock/joint_js_consistency_s42,42,native32@car,1734,19,0.49299461383043314,0.4920904379084072,0.4216589861751152,0.593103448275862,0.47453703703703703,0.4216589861751152,0.48267898383371827
joint_js_consistency,outputs/reve_benchmark_lock/joint_js_consistency_s42,42,native32@cz,1734,19,0.47570407895449895,0.47493324200033993,0.4078341013824885,0.5655172413793104,0.4583333333333333,0.4078341013824885,0.47113163972286376
joint_js_consistency,outputs/reve_benchmark_lock/joint_js_consistency_s42,42,native32@fz,1734,19,0.48951962673693195,0.4896975051767445,0.44907407407407407,0.5655172413793104,0.44907407407407407,0.4700460829493088,0.47344110854503463
joint_js_consistency,outputs/reve_benchmark_lock/joint_js_consistency_s42,42,native32@pz,1734,19,0.48260177718295477,0.4831715586097065,0.4398148148148148,0.542528735632184,0.4398148148148148,0.48847926267281105,0.45958429561200925
joint_js_consistency,outputs/reve_benchmark_lock/joint_js_consistency_s42,42,pz,1734,19,0.527623226557626,0.5297952890524823,0.47453703703703703,0.5494252873563218,0.47453703703703703,0.532258064516129,0.5542725173210161
joint_multiview_ce,outputs/reve_benchmark_lock/joint_multiview_ce_s7,7,car,1734,19,0.5566049736567016,0.5568062978703846,0.45852534562211983,0.5471264367816092,0.5925925925925926,0.45852534562211983,0.628175519630485
joint_multiview_ce,outputs/reve_benchmark_lock/joint_multiview_ce_s7,7,cz,1734,19,0.531253876545516,0.5279578917434012,0.3640552995391705,0.5287356321839081,0.5532407407407407,0.3640552995391705,0.6789838337182448
joint_multiview_ce,outputs/reve_benchmark_lock/joint_multiview_ce_s7,7,fz,1734,19,0.5502645464842122,0.5500834882261134,0.45622119815668205,0.5379310344827586,0.5902777777777778,0.45622119815668205,0.6166281755196305
joint_multiview_ce,outputs/reve_benchmark_lock/joint_multiview_ce_s7,7,native16@car,1734,19,0.44758736171761326,0.44514550085989535,0.33410138248847926,0.4896551724137931,0.5347222222222222,0.33410138248847926,0.43187066974595845
joint_multiview_ce,outputs/reve_benchmark_lock/joint_multiview_ce_s7,7,native16@cz,1734,19,0.44131080947275714,0.434257335381848,0.2557603686635945,0.47126436781609193,0.5486111111111112,0.2557603686635945,0.4896073903002309
joint_multiview_ce,outputs/reve_benchmark_lock/joint_multiview_ce_s7,7,native16@fz,1734,19,0.4534087360747468,0.4515546235634247,0.3456221198156682,0.43448275862068964,0.5185185185185185,0.3456221198156682,0.5150115473441108
joint_multiview_ce,outputs/reve_benchmark_lock/joint_multiview_ce_s7,7,native16@pz,1734,19,0.4441456516231028,0.4429514892231774,0.3387096774193548,0.45977011494252873,0.5185185185185185,0.3387096774193548,0.45958429561200925
joint_multiview_ce,outputs/reve_benchmark_lock/joint_multiview_ce_s7,7,native32@car,1734,19,0.5040497212298878,0.5053929261969203,0.44930875576036866,0.5333333333333333,0.5300925925925926,0.44930875576036866,0.5034642032332564
joint_multiview_ce,outputs/reve_benchmark_lock/joint_multiview_ce_s7,7,native32@cz,1734,19,0.4833494720636451,0.4842179094346658,0.39631336405529954,0.4804597701149425,0.5185185185185185,0.39631336405529954,0.5381062355658198
joint_multiview_ce,outputs/reve_benchmark_lock/joint_multiview_ce_s7,7,native32@fz,1734,19,0.4931449249979574,0.4918979216054835,0.3686635944700461,0.5218390804597701,0.5393518518518519,0.3686635944700461,0.5427251732101617
joint_multiview_ce,outputs/reve_benchmark_lock/joint_multiview_ce_s7,7,native32@pz,1734,19,0.504080227326049,0.5058474678232037,0.47235023041474655,0.496551724137931,0.5324074074074074,0.47235023041474655,0.5150115473441108
joint_multiview_ce,outputs/reve_benchmark_lock/joint_multiview_ce_s7,7,pz,1734,19,0.541041280418061,0.5407467644278727,0.4423963133640553,0.5310344827586206,0.5879629629629629,0.4423963133640553,0.6027713625866051
joint_multiview_ce,outputs/reve_benchmark_lock/joint_multiview_ce_s21,21,car,1734,19,0.5399371850366765,0.5370173554687123,0.37327188940092165,0.535632183908046,0.6157407407407407,0.37327188940092165,0.6351039260969977
joint_multiview_ce,outputs/reve_benchmark_lock/joint_multiview_ce_s21,21,cz,1734,19,0.5105473931346179,0.4998804984725256,0.25806451612903225,0.5494252873563218,0.625,0.25806451612903225,0.6096997690531177
joint_multiview_ce,outputs/reve_benchmark_lock/joint_multiview_ce_s21,21,fz,1734,19,0.5203225842216159,0.5172233796945125,0.3433179723502304,0.5264367816091954,0.5949074074074074,0.3433179723502304,0.6166281755196305
joint_multiview_ce,outputs/reve_benchmark_lock/joint_multiview_ce_s21,21,native16@car,1734,19,0.44182166519850224,0.43525199905348055,0.2626728110599078,0.5080459770114942,0.5138888888888888,0.2626728110599078,0.48267898383371827
joint_multiview_ce,outputs/reve_benchmark_lock/joint_multiview_ce_s21,21,native16@cz,1734,19,0.43493605130905166,0.42559286319003636,0.271889400921659,0.5080459770114942,0.5972222222222222,0.271889400921659,0.3625866050808314
joint_multiview_ce,outputs/reve_benchmark_lock/joint_multiview_ce_s21,21,native16@fz,1734,19,0.41474771177582803,0.4078308488083383,0.23732718894009217,0.4528735632183908,0.4861111111111111,0.23732718894009217,0.48267898383371827
joint_multiview_ce,outputs/reve_benchmark_lock/joint_multiview_ce_s21,21,native16@pz,1734,19,0.4366679007049241,0.4275757266155236,0.22580645161290322,0.49195402298850577,0.5185185185185185,0.22580645161290322,0.5103926096997691
joint_multiview_ce,outputs/reve_benchmark_lock/joint_multiview_ce_s21,21,native32@car,1734,19,0.4614031053555371,0.4546551489863392,0.2695852534562212,0.5563218390804597,0.5324074074074074,0.2695852534562212,0.48729792147806006
joint_multiview_ce,outputs/reve_benchmark_lock/joint_multiview_ce_s21,21,native32@cz,1734,19,0.4516490653448063,0.4454684208157985,0.2834101382488479,0.5172413793103449,0.5740740740740741,0.2834101382488479,0.43187066974595845
joint_multiview_ce,outputs/reve_benchmark_lock/joint_multiview_ce_s21,21,native32@fz,1734,19,0.45224362225711073,0.4410929142268507,0.21428571428571427,0.5172413793103449,0.5347222222222222,0.21428571428571427,0.5427251732101617
joint_multiview_ce,outputs/reve_benchmark_lock/joint_multiview_ce_s21,21,native32@pz,1734,19,0.46715809731655056,0.4626313707133134,0.29493087557603687,0.5517241379310345,0.5162037037037037,0.29493087557603687,0.5057736720554272
joint_multiview_ce,outputs/reve_benchmark_lock/joint_multiview_ce_s21,21,pz,1734,19,0.5410958613209172,0.5377486799679552,0.3686635944700461,0.5287356321839081,0.6041666666666666,0.3686635944700461,0.6628175519630485
joint_multiview_ce,outputs/reve_benchmark_lock/joint_multiview_ce_s42,42,car,1734,19,0.553561242514302,0.5532352666665618,0.4942263279445728,0.6183908045977011,0.5532407407407407,0.5483870967741935,0.4942263279445728
joint_multiview_ce,outputs/reve_benchmark_lock/joint_multiview_ce_s42,42,cz,1734,19,0.5346209710499437,0.536140697147246,0.5138248847926268,0.535632183908046,0.5486111111111112,0.5138248847926268,0.5404157043879908
joint_multiview_ce,outputs/reve_benchmark_lock/joint_multiview_ce_s42,42,fz,1734,19,0.5518850464904443,0.5515200985789986,0.47113163972286376,0.5885057471264368,0.5949074074074074,0.5529953917050692,0.47113163972286376
joint_multiview_ce,outputs/reve_benchmark_lock/joint_multiview_ce_s42,42,native16@car,1734,19,0.43876829623294294,0.43812786814413873,0.4050925925925926,0.5264367816091954,0.4050925925925926,0.4055299539170507,0.418013856812933
joint_multiview_ce,outputs/reve_benchmark_lock/joint_multiview_ce_s42,42,native16@cz,1734,19,0.42898099706301884,0.4277263569369196,0.3663594470046083,0.5241379310344828,0.4097222222222222,0.3663594470046083,0.41570438799076215
joint_multiview_ce,outputs/reve_benchmark_lock/joint_multiview_ce_s42,42,native16@fz,1734,19,0.45898937850569865,0.45955051373803324,0.4097222222222222,0.4942528735632184,0.4097222222222222,0.45161290322580644,0.48036951501154734
joint_multiview_ce,outputs/reve_benchmark_lock/joint_multiview_ce_s42,42,native16@pz,1734,19,0.457826846021806,0.4570803926515736,0.4032258064516129,0.5379310344827586,0.4351851851851852,0.4032258064516129,0.45496535796766746
joint_multiview_ce,outputs/reve_benchmark_lock/joint_multiview_ce_s42,42,native32@car,1734,19,0.48837560903199656,0.4877524734180232,0.418013856812933,0.5609195402298851,0.48148148148148145,0.4930875576036866,0.418013856812933
joint_multiview_ce,outputs/reve_benchmark_lock/joint_multiview_ce_s42,42,native32@cz,1734,19,0.480356140642806,0.48216579060238884,0.4652777777777778,0.5080459770114942,0.4652777777777778,0.47235023041474655,0.47575057736720555
joint_multiview_ce,outputs/reve_benchmark_lock/joint_multiview_ce_s42,42,native32@fz,1734,19,0.49301989711350447,0.49244631986285514,0.4110854503464203,0.5563218390804597,0.5138888888888888,0.49078341013824883,0.4110854503464203
joint_multiview_ce,outputs/reve_benchmark_lock/joint_multiview_ce_s42,42,native32@pz,1734,19,0.4785523105524625,0.47832471615066763,0.42725173210161665,0.5632183908045977,0.4513888888888889,0.47235023041474655,0.42725173210161665
joint_multiview_ce,outputs/reve_benchmark_lock/joint_multiview_ce_s42,42,pz,1734,19,0.5466580268187681,0.5470283107105733,0.48498845265588914,0.5885057471264368,0.5509259259259259,0.5622119815668203,0.48498845265588914
random_montage_ce,outputs/reve_benchmark_lock/random_montage_ce_s7,7,car,1734,19,0.5530953171255409,0.5530352833385489,0.4470046082949309,0.5494252873563218,0.5069444444444444,0.4470046082949309,0.7090069284064665
random_montage_ce,outputs/reve_benchmark_lock/random_montage_ce_s7,7,cz,1734,19,0.5496282506472652,0.5508772575367233,0.4675925925925926,0.5126436781609195,0.4675925925925926,0.4861751152073733,0.7321016166281755
random_montage_ce,outputs/reve_benchmark_lock/random_montage_ce_s7,7,fz,1734,19,0.5525205739418285,0.5532539912875998,0.4769585253456221,0.5333333333333333,0.5092592592592593,0.4769585253456221,0.6905311778290993
random_montage_ce,outputs/reve_benchmark_lock/random_montage_ce_s7,7,native16@car,1734,19,0.37766242165457553,0.33857720325383456,0.09216589861751152,0.31724137931034485,0.8379629629629629,0.09216589861751152,0.2632794457274827
random_montage_ce,outputs/reve_benchmark_lock/random_montage_ce_s7,7,native16@cz,1734,19,0.37015649447531035,0.33522407308005014,0.11059907834101383,0.29195402298850576,0.8055555555555556,0.11059907834101383,0.27251732101616627
random_montage_ce,outputs/reve_benchmark_lock/random_montage_ce_s7,7,native16@fz,1734,19,0.37480335739177834,0.3397070898742761,0.1336405529953917,0.26666666666666666,0.8263888888888888,0.1336405529953917,0.27251732101616627
random_montage_ce,outputs/reve_benchmark_lock/random_montage_ce_s7,7,native16@pz,1734,19,0.3805153661872267,0.3529381609867648,0.1336405529953917,0.24367816091954023,0.6736111111111112,0.1336405529953917,0.47113163972286376
random_montage_ce,outputs/reve_benchmark_lock/random_montage_ce_s7,7,native32@car,1734,19,0.444783517192325,0.4313095189999247,0.26497695852534564,0.5287356321839081,0.6875,0.26497695852534564,0.2979214780600462
random_montage_ce,outputs/reve_benchmark_lock/random_montage_ce_s7,7,native32@cz,1734,19,0.46030029830486036,0.45644363393422854,0.3617511520737327,0.5011494252873563,0.6041666666666666,0.3617511520737327,0.3741339491916859
random_montage_ce,outputs/reve_benchmark_lock/random_montage_ce_s7,7,native32@fz,1734,19,0.4101641617908971,0.38348811001047456,0.17972350230414746,0.5517241379310345,0.6875,0.17972350230414746,0.22170900692840648
random_montage_ce,outputs/reve_benchmark_lock/random_montage_ce_s7,7,native32@pz,1734,19,0.4511833124923722,0.44415279350265696,0.26036866359447003,0.4436781609195402,0.5972222222222222,0.26036866359447003,0.5034642032332564
random_montage_ce,outputs/reve_benchmark_lock/random_montage_ce_s7,7,pz,1734,19,0.5277361215108636,0.5279360172733408,0.41244239631336405,0.5011494252873563,0.4537037037037037,0.41244239631336405,0.74364896073903
random_montage_ce,outputs/reve_benchmark_lock/random_montage_ce_s21,21,car,1734,19,0.5300819338233087,0.5287991466223183,0.4055299539170507,0.535632183908046,0.5787037037037037,0.4055299539170507,0.6004618937644342
random_montage_ce,outputs/reve_benchmark_lock/random_montage_ce_s21,21,cz,1734,19,0.5208900495749962,0.5197344280259759,0.42857142857142855,0.4298850574712644,0.4699074074074074,0.42857142857142855,0.7551963048498845
random_montage_ce,outputs/reve_benchmark_lock/random_montage_ce_s21,21,fz,1734,19,0.5330020351267175,0.533445089239497,0.4539170506912442,0.5011494252873563,0.6157407407407407,0.4539170506912442,0.5612009237875288
random_montage_ce,outputs/reve_benchmark_lock/random_montage_ce_s21,21,native16@car,1734,19,0.3755789842132812,0.3468768650317629,0.12268518518518519,0.4850574712643678,0.12268518518518519,0.6497695852534562,0.24480369515011546
random_montage_ce,outputs/reve_benchmark_lock/random_montage_ce_s21,21,native16@cz,1734,19,0.36350855935813053,0.33344137260219664,0.09259259259259259,0.41839080459770117,0.09259259259259259,0.6589861751152074,0.2840646651270208
random_montage_ce,outputs/reve_benchmark_lock/random_montage_ce_s21,21,native16@fz,1734,19,0.3687024790270923,0.3457054311997424,0.10648148148148148,0.5080459770114942,0.10648148148148148,0.4976958525345622,0.3625866050808314
random_montage_ce,outputs/reve_benchmark_lock/random_montage_ce_s21,21,native16@pz,1734,19,0.37973848917820213,0.3477640767440765,0.0787037037037037,0.35402298850574715,0.0787037037037037,0.663594470046083,0.4226327944572748
random_montage_ce,outputs/reve_benchmark_lock/random_montage_ce_s21,21,native32@car,1734,19,0.4299267126762859,0.4222717780079993,0.2662037037037037,0.6091954022988506,0.2662037037037037,0.4147465437788018,0.4295612009237875
random_montage_ce,outputs/reve_benchmark_lock/random_montage_ce_s21,21,native32@cz,1734,19,0.4242776144399902,0.4135523601138401,0.21296296296296297,0.4827586206896552,0.21296296296296297,0.3986175115207373,0.6027713625866051
random_montage_ce,outputs/reve_benchmark_lock/random_montage_ce_s21,21,native32@fz,1734,19,0.41092292150864257,0.3985242041493142,0.26497695852534564,0.6436781609195402,0.2708333333333333,0.26497695852534564,0.46420323325635104
random_montage_ce,outputs/reve_benchmark_lock/random_montage_ce_s21,21,native32@pz,1734,19,0.4081154702435372,0.3874091309218252,0.19907407407407407,0.5517241379310345,0.19907407407407407,0.23963133640552994,0.6420323325635104
random_montage_ce,outputs/reve_benchmark_lock/random_montage_ce_s21,21,pz,1734,19,0.5197526465696354,0.5184905027413018,0.41935483870967744,0.42758620689655175,0.4861111111111111,0.41935483870967744,0.745958429561201
random_montage_ce,outputs/reve_benchmark_lock/random_montage_ce_s42,42,car,1734,19,0.5392186773814054,0.5350783434087426,0.35714285714285715,0.6068965517241379,0.4976851851851852,0.35714285714285715,0.6951501154734411
random_montage_ce,outputs/reve_benchmark_lock/random_montage_ce_s42,42,cz,1734,19,0.5086379000900798,0.5024071163544848,0.30414746543778803,0.5793103448275863,0.4236111111111111,0.30414746543778803,0.7274826789838337
random_montage_ce,outputs/reve_benchmark_lock/random_montage_ce_s42,42,fz,1734,19,0.521353558733092,0.515697989413112,0.315668202764977,0.6022988505747127,0.5046296296296297,0.315668202764977,0.6628175519630485
random_montage_ce,outputs/reve_benchmark_lock/random_montage_ce_s42,42,native16@car,1734,19,0.3983944461336184,0.3765568089634566,0.21247113163972287,0.6413793103448275,0.5208333333333334,0.21889400921658986,0.21247113163972287
random_montage_ce,outputs/reve_benchmark_lock/random_montage_ce_s42,42,native16@cz,1734,19,0.4053081696822449,0.388091127445193,0.23787528868360278,0.6367816091954023,0.5069444444444444,0.23963133640552994,0.23787528868360278
random_montage_ce,outputs/reve_benchmark_lock/random_montage_ce_s42,42,native16@fz,1734,19,0.36659415281710517,0.3178993411421591,0.06466512702078522,0.6942528735632184,0.5185185185185185,0.1889400921658986,0.06466512702078522
random_montage_ce,outputs/reve_benchmark_lock/random_montage_ce_s42,42,native16@pz,1734,19,0.3874254671950726,0.3651337291740075,0.12672811059907835,0.6298850574712643,0.4074074074074074,0.12672811059907835,0.3856812933025404
random_montage_ce,outputs/reve_benchmark_lock/random_montage_ce_s42,42,native32@car,1734,19,0.44731901217086034,0.4236236909153998,0.15011547344110854,0.6459770114942529,0.5208333333333334,0.47235023041474655,0.15011547344110854
random_montage_ce,outputs/reve_benchmark_lock/random_montage_ce_s42,42,native32@cz,1734,19,0.44612553800241816,0.42578059011096986,0.16397228637413394,0.6344827586206897,0.4722222222222222,0.5138248847926268,0.16397228637413394
random_montage_ce,outputs/reve_benchmark_lock/random_montage_ce_s42,42,native32@fz,1734,19,0.41842169029926723,0.3758683031151201,0.09237875288683603,0.7586206896551724,0.5231481481481481,0.2995391705069124,0.09237875288683603
random_montage_ce,outputs/reve_benchmark_lock/random_montage_ce_s42,42,native32@pz,1734,19,0.43866639322844514,0.4278296846154481,0.2817551963048499,0.6735632183908046,0.4583333333333333,0.34101382488479265,0.2817551963048499
random_montage_ce,outputs/reve_benchmark_lock/random_montage_ce_s42,42,pz,1734,19,0.5069510609279987,0.49695568371981835,0.25806451612903225,0.5724137931034483,0.44212962962962965,0.25806451612903225,0.7551963048498845
reference_multiview_ce,outputs/reve_benchmark_lock/reference_multiview_ce_s7,7,car,1734,19,0.5639272328151202,0.5656839710614566,0.5324074074074074,0.6344827586206897,0.5324074074074074,0.5414746543778802,0.5473441108545035
reference_multiview_ce,outputs/reve_benchmark_lock/reference_multiview_ce_s7,7,cz,1734,19,0.5426468327977928,0.5436929166177978,0.4815668202764977,0.5701149425287356,0.4861111111111111,0.4815668202764977,0.6327944572748267
reference_multiview_ce,outputs/reve_benchmark_lock/reference_multiview_ce_s7,7,fz,1734,19,0.5610350630277666,0.562388856502081,0.5231481481481481,0.639080459770115,0.5231481481481481,0.532258064516129,0.5496535796766744
reference_multiview_ce,outputs/reve_benchmark_lock/reference_multiview_ce_s7,7,native16@car,1734,19,0.38656267015343976,0.3430303128393144,0.14055299539170507,0.5310344827586206,0.7291666666666666,0.14055299539170507,0.14549653579676675
reference_multiview_ce,outputs/reve_benchmark_lock/reference_multiview_ce_s7,7,native16@cz,1734,19,0.387714590081619,0.35297318609539097,0.1152073732718894,0.5218390804597701,0.6805555555555556,0.1152073732718894,0.23325635103926096
reference_multiview_ce,outputs/reve_benchmark_lock/reference_multiview_ce_s7,7,native16@fz,1734,19,0.37029257118347636,0.31834640219759447,0.059907834101382486,0.6114942528735632,0.6296296296296297,0.059907834101382486,0.18013856812933027
reference_multiview_ce,outputs/reve_benchmark_lock/reference_multiview_ce_s7,7,native16@pz,1734,19,0.39802678897557064,0.3836723204760744,0.16359447004608296,0.4781609195402299,0.5023148148148148,0.16359447004608296,0.44803695150115475
reference_multiview_ce,outputs/reve_benchmark_lock/reference_multiview_ce_s7,7,native32@car,1734,19,0.4400941565651617,0.41948862342295673,0.21889400921658986,0.5954022988505747,0.6527777777777778,0.21889400921658986,0.29330254041570436
reference_multiview_ce,outputs/reve_benchmark_lock/reference_multiview_ce_s7,7,native32@cz,1734,19,0.4407125557721341,0.42598907339896697,0.21428571428571427,0.5471264367816092,0.6226851851851852,0.21428571428571427,0.3787528868360277
reference_multiview_ce,outputs/reve_benchmark_lock/reference_multiview_ce_s7,7,native32@fz,1734,19,0.4239732105775849,0.3864283510163733,0.10368663594470046,0.6206896551724138,0.6666666666666666,0.10368663594470046,0.30484988452655887
reference_multiview_ce,outputs/reve_benchmark_lock/reference_multiview_ce_s7,7,native32@pz,1734,19,0.44184601669196116,0.42517567280745616,0.1935483870967742,0.5678160919540229,0.6064814814814815,0.1935483870967742,0.3995381062355658
reference_multiview_ce,outputs/reve_benchmark_lock/reference_multiview_ce_s7,7,pz,1734,19,0.5552693117999434,0.5562860266726598,0.5208333333333334,0.6183908045977011,0.5208333333333334,0.5576036866359447,0.5242494226327945
reference_multiview_ce,outputs/reve_benchmark_lock/reference_multiview_ce_s21,21,car,1734,19,0.5461378208304082,0.5450038778837591,0.4055299539170507,0.6022988505747127,0.5208333333333334,0.4055299539170507,0.6558891454965358
reference_multiview_ce,outputs/reve_benchmark_lock/reference_multiview_ce_s21,21,cz,1734,19,0.5305939597972926,0.5280619252925065,0.35714285714285715,0.5701149425287356,0.4861111111111111,0.35714285714285715,0.7090069284064665
reference_multiview_ce,outputs/reve_benchmark_lock/reference_multiview_ce_s21,21,fz,1734,19,0.5427122099213251,0.540044110981171,0.3709677419354839,0.593103448275862,0.5347222222222222,0.3709677419354839,0.6720554272517321
reference_multiview_ce,outputs/reve_benchmark_lock/reference_multiview_ce_s21,21,native16@car,1734,19,0.3779260645530455,0.36283203746003506,0.18518518518518517,0.5586206896551724,0.18518518518518517,0.5,0.2678983833718245
reference_multiview_ce,outputs/reve_benchmark_lock/reference_multiview_ce_s21,21,native16@cz,1734,19,0.38839715865783453,0.3796531059492095,0.21296296296296297,0.5287356321839081,0.21296296296296297,0.45161290322580644,0.36027713625866054
reference_multiview_ce,outputs/reve_benchmark_lock/reference_multiview_ce_s21,21,native16@fz,1734,19,0.36657142440541113,0.3623086111495236,0.21296296296296297,0.4574712643678161,0.21296296296296297,0.39631336405529954,0.3995381062355658
reference_multiview_ce,outputs/reve_benchmark_lock/reference_multiview_ce_s21,21,native16@pz,1734,19,0.39077123770462463,0.37198131109499466,0.13425925925925927,0.39080459770114945,0.13425925925925927,0.5368663594470046,0.5011547344110855
reference_multiview_ce,outputs/reve_benchmark_lock/reference_multiview_ce_s21,21,native32@car,1734,19,0.43184788331244683,0.42591472491540283,0.26497695852534564,0.5701149425287356,0.36574074074074076,0.26497695852534564,0.5265588914549654
reference_multiview_ce,outputs/reve_benchmark_lock/reference_multiview_ce_s21,21,native32@cz,1734,19,0.4261140845636031,0.41194018186735776,0.195852534562212,0.5655172413793104,0.35648148148148145,0.195852534562212,0.5866050808314087
reference_multiview_ce,outputs/reve_benchmark_lock/reference_multiview_ce_s21,21,native32@fz,1734,19,0.41110001734809865,0.3853886687820344,0.1152073732718894,0.6114942528735632,0.36342592592592593,0.1152073732718894,0.5542725173210161
reference_multiview_ce,outputs/reve_benchmark_lock/reference_multiview_ce_s21,21,native32@pz,1734,19,0.4225966242254147,0.4072156842691402,0.20276497695852536,0.5885057471264368,0.31712962962962965,0.20276497695852536,0.581986143187067
reference_multiview_ce,outputs/reve_benchmark_lock/reference_multiview_ce_s21,21,pz,1734,19,0.5547824384962279,0.5540104162999717,0.41935483870967744,0.6160919540229886,0.5347222222222222,0.41935483870967744,0.648960739030023
reference_multiview_ce,outputs/reve_benchmark_lock/reference_multiview_ce_s42,42,car,1734,19,0.5525078964295572,0.5455535896970435,0.3548387096774194,0.6597701149425287,0.6180555555555556,0.3548387096774194,0.5773672055427251
reference_multiview_ce,outputs/reve_benchmark_lock/reference_multiview_ce_s42,42,cz,1734,19,0.5369427621600376,0.5293105372785768,0.3271889400921659,0.6344827586206897,0.5810185185185185,0.3271889400921659,0.605080831408776
reference_multiview_ce,outputs/reve_benchmark_lock/reference_multiview_ce_s42,42,fz,1734,19,0.5288783321717416,0.5203437029677129,0.31336405529953915,0.639080459770115,0.6087962962962963,0.31336405529953915,0.5542725173210161
reference_multiview_ce,outputs/reve_benchmark_lock/reference_multiview_ce_s42,42,native16@car,1734,19,0.3675472449742504,0.3335747982410359,0.18663594470046083,0.2160919540229885,0.21064814814814814,0.18663594470046083,0.8568129330254042
reference_multiview_ce,outputs/reve_benchmark_lock/reference_multiview_ce_s42,42,native16@cz,1734,19,0.36692871651369774,0.33265779090406933,0.15668202764976957,0.2597701149425287,0.19675925925925927,0.15668202764976957,0.8545034642032333
reference_multiview_ce,outputs/reve_benchmark_lock/reference_multiview_ce_s42,42,native16@fz,1734,19,0.3484967075906184,0.30230098439176745,0.1175115207373272,0.22758620689655173,0.16898148148148148,0.1175115207373272,0.8799076212471132
reference_multiview_ce,outputs/reve_benchmark_lock/reference_multiview_ce_s42,42,native16@pz,1734,19,0.3225668637903123,0.24493496022889283,0.027649769585253458,0.20229885057471264,0.11805555555555555,0.027649769585253458,0.9422632794457275
reference_multiview_ce,outputs/reve_benchmark_lock/reference_multiview_ce_s42,42,native32@car,1734,19,0.44410943806602027,0.4477664119630961,0.3931034482758621,0.3931034482758621,0.47453703703703703,0.49078341013824883,0.418013856812933
reference_multiview_ce,outputs/reve_benchmark_lock/reference_multiview_ce_s42,42,native32@cz,1734,19,0.4503514194168601,0.4536309268226469,0.37644341801385683,0.4413793103448276,0.4375,0.5460829493087558,0.37644341801385683
reference_multiview_ce,outputs/reve_benchmark_lock/reference_multiview_ce_s42,42,native32@fz,1734,19,0.464831125741648,0.46714213012110206,0.41935483870967744,0.4942528735632184,0.49537037037037035,0.41935483870967744,0.4503464203233256
reference_multiview_ce,outputs/reve_benchmark_lock/reference_multiview_ce_s42,42,native32@pz,1734,19,0.4659884534221509,0.4683962476746377,0.4447004608294931,0.47586206896551725,0.48842592592592593,0.4447004608294931,0.45496535796766746
reference_multiview_ce,outputs/reve_benchmark_lock/reference_multiview_ce_s42,42,pz,1734,19,0.5282715869398982,0.5238320817166713,0.3709677419354839,0.6229885057471264,0.5833333333333334,0.3709677419354839,0.535796766743649
region_dropout_ce,outputs/reve_benchmark_lock/region_dropout_ce_s7,7,car,1734,19,0.5513873166080713,0.5526210919241596,0.4618937644341801,0.4942528735632184,0.6203703703703703,0.6290322580645161,0.4618937644341801
region_dropout_ce,outputs/reve_benchmark_lock/region_dropout_ce_s7,7,cz,1734,19,0.538135464162579,0.5391288035789132,0.4367816091954023,0.4367816091954023,0.5486111111111112,0.6244239631336406,0.5427251732101617
region_dropout_ce,outputs/reve_benchmark_lock/region_dropout_ce_s7,7,fz,1734,19,0.5272404164879799,0.5269619308530529,0.4503464203233256,0.4850574712643678,0.6620370370370371,0.511520737327189,0.4503464203233256
region_dropout_ce,outputs/reve_benchmark_lock/region_dropout_ce_s7,7,native16@car,1734,19,0.355849367165636,0.2651349588759556,0.02534562211981567,0.664367816091954,0.6851851851851852,0.02534562211981567,0.04849884526558892
region_dropout_ce,outputs/reve_benchmark_lock/region_dropout_ce_s7,7,native16@cz,1734,19,0.3587321385229216,0.2795578110309588,0.04608294930875576,0.6505747126436782,0.6712962962962963,0.04608294930875576,0.06697459584295612
region_dropout_ce,outputs/reve_benchmark_lock/region_dropout_ce_s7,7,native16@fz,1734,19,0.353467991599202,0.2682650170152845,0.013824884792626729,0.7011494252873564,0.6226851851851852,0.013824884792626729,0.07621247113163972
region_dropout_ce,outputs/reve_benchmark_lock/region_dropout_ce_s7,7,native16@pz,1734,19,0.37964968067000376,0.3488273743610034,0.08064516129032258,0.4735632183908046,0.5810185185185185,0.08064516129032258,0.3833718244803695
region_dropout_ce,outputs/reve_benchmark_lock/region_dropout_ce_s7,7,native32@car,1734,19,0.4217609382815318,0.384411037518703,0.12702078521939955,0.5287356321839081,0.7893518518518519,0.24193548387096775,0.12702078521939955
region_dropout_ce,outputs/reve_benchmark_lock/region_dropout_ce_s7,7,native32@cz,1734,19,0.4142469553718131,0.385752771149181,0.14318706697459585,0.49195402298850577,0.7407407407407407,0.28110599078341014,0.14318706697459585
region_dropout_ce,outputs/reve_benchmark_lock/region_dropout_ce_s7,7,native32@fz,1734,19,0.3796984518729089,0.30164307220732384,0.04377880184331797,0.5678160919540229,0.8171296296296297,0.04377880184331797,0.09006928406466513
region_dropout_ce,outputs/reve_benchmark_lock/region_dropout_ce_s7,7,native32@pz,1734,19,0.42636205982984193,0.4127116176897109,0.21016166281755197,0.4298850574712644,0.6921296296296297,0.37327188940092165,0.21016166281755197
region_dropout_ce,outputs/reve_benchmark_lock/region_dropout_ce_s7,7,pz,1734,19,0.5242719263479918,0.5228184905302538,0.39770114942528734,0.39770114942528734,0.5601851851851852,0.7258064516129032,0.4133949191685912
region_dropout_ce,outputs/reve_benchmark_lock/region_dropout_ce_s21,21,car,1734,19,0.5081417456317268,0.4982401221623536,0.2626728110599078,0.5540229885057472,0.4722222222222222,0.2626728110599078,0.74364896073903
region_dropout_ce,outputs/reve_benchmark_lock/region_dropout_ce_s21,21,cz,1734,19,0.4638515727048951,0.45065640975781146,0.2119815668202765,0.4091954022988506,0.4212962962962963,0.2119815668202765,0.812933025404157
region_dropout_ce,outputs/reve_benchmark_lock/region_dropout_ce_s21,21,fz,1734,19,0.4874575284968168,0.47827936991801256,0.24193548387096775,0.4896551724137931,0.4976851851851852,0.24193548387096775,0.7205542725173211
region_dropout_ce,outputs/reve_benchmark_lock/region_dropout_ce_s21,21,native16@car,1734,19,0.3689738542034974,0.34053577747133845,0.12009237875288684,0.6,0.5092592592592593,0.2465437788018433,0.12009237875288684
region_dropout_ce,outputs/reve_benchmark_lock/region_dropout_ce_s21,21,native16@cz,1734,19,0.38181677176753975,0.3686687335890375,0.2119815668202765,0.5080459770114942,0.5347222222222222,0.2119815668202765,0.27251732101616627
region_dropout_ce,outputs/reve_benchmark_lock/region_dropout_ce_s21,21,native16@fz,1734,19,0.3652647915520587,0.3393998394994708,0.1382488479262673,0.43448275862068964,0.6458333333333334,0.1382488479262673,0.24249422632794457
region_dropout_ce,outputs/reve_benchmark_lock/region_dropout_ce_s21,21,native16@pz,1734,19,0.38124807788924897,0.3718041938058473,0.19815668202764977,0.42758620689655175,0.375,0.19815668202764977,0.5242494226327945
region_dropout_ce,outputs/reve_benchmark_lock/region_dropout_ce_s21,21,native32@car,1734,19,0.4106213547686961,0.3952883560762212,0.17972350230414746,0.5655172413793104,0.5069444444444444,0.17972350230414746,0.3903002309468822
region_dropout_ce,outputs/reve_benchmark_lock/region_dropout_ce_s21,21,native32@cz,1734,19,0.4049524238596424,0.38278202553401414,0.11981566820276497,0.4804597701149425,0.4583333333333333,0.11981566820276497,0.5612009237875288
region_dropout_ce,outputs/reve_benchmark_lock/region_dropout_ce_s21,21,native32@fz,1734,19,0.3945176602050852,0.35256092467132827,0.03917050691244239,0.5839080459770115,0.5115740740740741,0.03917050691244239,0.44341801385681295
region_dropout_ce,outputs/reve_benchmark_lock/region_dropout_ce_s21,21,native32@pz,1734,19,0.3973892359850857,0.37232430163828534,0.10599078341013825,0.49195402298850577,0.3680555555555556,0.10599078341013825,0.6235565819861432
region_dropout_ce,outputs/reve_benchmark_lock/region_dropout_ce_s21,21,pz,1734,19,0.4574991782139768,0.43852271044420466,0.16359447004608296,0.42298850574712643,0.39814814814814814,0.16359447004608296,0.8452655889145496
region_dropout_ce,outputs/reve_benchmark_lock/region_dropout_ce_s42,42,car,1734,19,0.5622896658569234,0.5621581312466499,0.49078341013824883,0.6068965517241379,0.5902777777777778,0.49078341013824883,0.5612009237875288
region_dropout_ce,outputs/reve_benchmark_lock/region_dropout_ce_s42,42,cz,1734,19,0.5352342632750826,0.5346578962093893,0.4055299539170507,0.5517241379310345,0.5347222222222222,0.4055299539170507,0.648960739030023
region_dropout_ce,outputs/reve_benchmark_lock/region_dropout_ce_s42,42,fz,1734,19,0.5247688034030938,0.5196561409915365,0.3617511520737327,0.6482758620689655,0.5578703703703703,0.3617511520737327,0.5311778290993071
region_dropout_ce,outputs/reve_benchmark_lock/region_dropout_ce_s42,42,native16@car,1734,19,0.33165503331774165,0.2840470224561732,0.10368663594470046,0.8413793103448276,0.21296296296296297,0.10368663594470046,0.16859122401847576
region_dropout_ce,outputs/reve_benchmark_lock/region_dropout_ce_s42,42,native16@cz,1734,19,0.33516293534729624,0.2903586732101517,0.08986175115207373,0.7954022988505747,0.18287037037037038,0.08986175115207373,0.27251732101616627
region_dropout_ce,outputs/reve_benchmark_lock/region_dropout_ce_s42,42,native16@fz,1734,19,0.332887988317223,0.29871745985326625,0.12211981566820276,0.7563218390804598,0.19675925925925927,0.12211981566820276,0.25635103926096997
region_dropout_ce,outputs/reve_benchmark_lock/region_dropout_ce_s42,42,native16@pz,1734,19,0.34683118159210724,0.2988157647011169,0.04838709677419355,0.7195402298850575,0.19907407407407407,0.04838709677419355,0.42032332563510394
region_dropout_ce,outputs/reve_benchmark_lock/region_dropout_ce_s42,42,native32@car,1734,19,0.4420664936943689,0.4338520513976947,0.3387096774193548,0.6804597701149425,0.3587962962962963,0.3387096774193548,0.3903002309468822
region_dropout_ce,outputs/reve_benchmark_lock/region_dropout_ce_s42,42,native32@cz,1734,19,0.4277160577277769,0.4171655815907458,0.25806451612903225,0.6505747126436782,0.36342592592592593,0.25806451612903225,0.4387990762124711
region_dropout_ce,outputs/reve_benchmark_lock/region_dropout_ce_s42,42,native32@fz,1734,19,0.41203712109646373,0.38666612829476404,0.17972350230414746,0.7839080459770115,0.3958333333333333,0.17972350230414746,0.28868360277136257
region_dropout_ce,outputs/reve_benchmark_lock/region_dropout_ce_s42,42,native32@pz,1734,19,0.42021612132240727,0.3973652865222348,0.2073732718894009,0.728735632183908,0.4791666666666667,0.2073732718894009,0.26558891454965355
region_dropout_ce,outputs/reve_benchmark_lock/region_dropout_ce_s42,42,pz,1734,19,0.5438856926852875,0.5434838790292863,0.4539170506912442,0.5701149425287356,0.6041666666666666,0.4539170506912442,0.5473441108545035
structured_montage_ce,outputs/reve_benchmark_lock/structured_montage_ce_s7,7,car,1734,19,0.5547955957291484,0.5582162546808942,0.5127020785219399,0.5264367816091954,0.5694444444444444,0.6105990783410138,0.5127020785219399
structured_montage_ce,outputs/reve_benchmark_lock/structured_montage_ce_s7,7,cz,1734,19,0.550233837693971,0.549769025102803,0.4470046082949309,0.5448275862068965,0.5416666666666666,0.4470046082949309,0.6674364896073903
structured_montage_ce,outputs/reve_benchmark_lock/structured_montage_ce_s7,7,fz,1734,19,0.5363331665533142,0.5381094407758293,0.5184331797235023,0.5517241379310345,0.5509259259259259,0.5184331797235023,0.5242494226327945
structured_montage_ce,outputs/reve_benchmark_lock/structured_montage_ce_s7,7,native16@car,1734,19,0.45605312955207916,0.45773364660031,0.3680555555555556,0.46436781609195404,0.3680555555555556,0.5552995391705069,0.43648960739030024
structured_montage_ce,outputs/reve_benchmark_lock/structured_montage_ce_s7,7,native16@cz,1734,19,0.4364371674755197,0.4371342941628784,0.3287037037037037,0.46206896551724136,0.3287037037037037,0.49539170506912444,0.45958429561200925
structured_montage_ce,outputs/reve_benchmark_lock/structured_montage_ce_s7,7,native16@fz,1734,19,0.41902147533412515,0.41325640857105267,0.2361111111111111,0.47126436781609193,0.2361111111111111,0.5483870967741935,0.42032332563510394
structured_montage_ce,outputs/reve_benchmark_lock/structured_montage_ce_s7,7,native16@pz,1734,19,0.40866997060905264,0.3963674940165906,0.18287037037037038,0.4735632183908046,0.18287037037037038,0.41935483870967744,0.558891454965358
structured_montage_ce,outputs/reve_benchmark_lock/structured_montage_ce_s7,7,native32@car,1734,19,0.4970199444467347,0.49869225769235215,0.44675925925925924,0.5172413793103449,0.44675925925925924,0.5737327188940092,0.4503464203233256
structured_montage_ce,outputs/reve_benchmark_lock/structured_montage_ce_s7,7,native32@cz,1734,19,0.4821293048858496,0.4836890581270759,0.4375,0.4689655172413793,0.4375,0.45161290322580644,0.5704387990762124
structured_montage_ce,outputs/reve_benchmark_lock/structured_montage_ce_s7,7,native32@fz,1734,19,0.4849379693846105,0.4841287069563565,0.41705069124423966,0.5655172413793104,0.46064814814814814,0.41705069124423966,0.49653579676674364
structured_montage_ce,outputs/reve_benchmark_lock/structured_montage_ce_s7,7,native32@pz,1734,19,0.48088130469316615,0.4816102803165,0.36342592592592593,0.4896551724137931,0.36342592592592593,0.4976958525345622,0.5727482678983834
structured_montage_ce,outputs/reve_benchmark_lock/structured_montage_ce_s7,7,pz,1734,19,0.5340273322075979,0.5353438596590028,0.4537037037037037,0.5149425287356322,0.4537037037037037,0.48847926267281105,0.6789838337182448
structured_montage_ce,outputs/reve_benchmark_lock/structured_montage_ce_s21,21,car,1734,19,0.515680993305108,0.5081254071814084,0.27880184331797236,0.5563218390804597,0.5509259259259259,0.27880184331797236,0.6766743648960739
structured_montage_ce,outputs/reve_benchmark_lock/structured_montage_ce_s21,21,cz,1734,19,0.48863083243804734,0.47823501177825883,0.22350230414746544,0.4781609195402299,0.48842592592592593,0.22350230414746544,0.7644341801385681
structured_montage_ce,outputs/reve_benchmark_lock/structured_montage_ce_s21,21,fz,1734,19,0.5076469588487047,0.501967552707635,0.29493087557603687,0.5080459770114942,0.5555555555555556,0.29493087557603687,0.6720554272517321
structured_montage_ce,outputs/reve_benchmark_lock/structured_montage_ce_s21,21,native16@car,1734,19,0.41929094806603207,0.40793493873745584,0.195852534562212,0.5264367816091954,0.46064814814814814,0.195852534562212,0.4942263279445728
structured_montage_ce,outputs/reve_benchmark_lock/structured_montage_ce_s21,21,native16@cz,1734,19,0.4060109618351616,0.3977853324715495,0.2350230414746544,0.4459770114942529,0.33796296296296297,0.2350230414746544,0.605080831408776
structured_montage_ce,outputs/reve_benchmark_lock/structured_montage_ce_s21,21,native16@fz,1734,19,0.3639372617970775,0.34540405944083585,0.14516129032258066,0.3839080459770115,0.2523148148148148,0.14516129032258066,0.674364896073903
structured_montage_ce,outputs/reve_benchmark_lock/structured_montage_ce_s21,21,native16@pz,1734,19,0.3811757836390993,0.3484144708861152,0.12442396313364056,0.4367816091954023,0.19444444444444445,0.12442396313364056,0.76905311778291
structured_montage_ce,outputs/reve_benchmark_lock/structured_montage_ce_s21,21,native32@car,1734,19,0.4463833851329693,0.4372473624300073,0.22580645161290322,0.5517241379310345,0.4652777777777778,0.22580645161290322,0.5427251732101617
structured_montage_ce,outputs/reve_benchmark_lock/structured_montage_ce_s21,21,native32@cz,1734,19,0.42567878874788717,0.4155523098226276,0.2119815668202765,0.4436781609195402,0.375,0.2119815668202765,0.6720554272517321
structured_montage_ce,outputs/reve_benchmark_lock/structured_montage_ce_s21,21,native32@fz,1734,19,0.42859114103793206,0.41799709279874875,0.195852534562212,0.46436781609195404,0.4444444444444444,0.195852534562212,0.6096997690531177
structured_montage_ce,outputs/reve_benchmark_lock/structured_montage_ce_s21,21,native32@pz,1734,19,0.4134530438622649,0.39215969866954264,0.1382488479262673,0.535632183908046,0.3101851851851852,0.1382488479262673,0.6697459584295612
structured_montage_ce,outputs/reve_benchmark_lock/structured_montage_ce_s21,21,pz,1734,19,0.4851186381956955,0.4757114045336974,0.22811059907834103,0.49195402298850577,0.4375,0.22811059907834103,0.7829099307159353
structured_montage_ce,outputs/reve_benchmark_lock/structured_montage_ce_s42,42,car,1734,19,0.5422453421240244,0.5402101677677864,0.4032258064516129,0.5287356321839081,0.6296296296296297,0.4032258064516129,0.6073903002309469
structured_montage_ce,outputs/reve_benchmark_lock/structured_montage_ce_s42,42,cz,1734,19,0.5163152281782136,0.5127774992729768,0.35023041474654376,0.4574712643678161,0.5231481481481481,0.35023041474654376,0.7344110854503464
structured_montage_ce,outputs/reve_benchmark_lock/structured_montage_ce_s42,42,fz,1734,19,0.5076720821682587,0.5030128099764006,0.3317972350230415,0.46206896551724136,0.5439814814814815,0.3317972350230415,0.6928406466512702
structured_montage_ce,outputs/reve_benchmark_lock/structured_montage_ce_s42,42,native16@car,1734,19,0.4441241754802402,0.44303609682319567,0.3387096774193548,0.4482758620689655,0.4583333333333333,0.3387096774193548,0.5311778290993071
structured_montage_ce,outputs/reve_benchmark_lock/structured_montage_ce_s42,42,native16@cz,1734,19,0.4297204393808235,0.4234715138847551,0.2626728110599078,0.4367816091954023,0.41203703703703703,0.2626728110599078,0.6073903002309469
structured_montage_ce,outputs/reve_benchmark_lock/structured_montage_ce_s42,42,native16@fz,1734,19,0.4100401415576716,0.3964237304332948,0.24305555555555555,0.3839080459770115,0.24305555555555555,0.2857142857142857,0.7274826789838337
structured_montage_ce,outputs/reve_benchmark_lock/structured_montage_ce_s42,42,native16@pz,1734,19,0.3864122385672825,0.35494063480855814,0.0967741935483871,0.4528735632183908,0.26851851851851855,0.0967741935483871,0.7274826789838337
structured_montage_ce,outputs/reve_benchmark_lock/structured_montage_ce_s42,42,native32@car,1734,19,0.48099222720193835,0.48089183010660297,0.3847926267281106,0.5264367816091954,0.5162037037037037,0.3847926267281106,0.49653579676674364
structured_montage_ce,outputs/reve_benchmark_lock/structured_montage_ce_s42,42,native32@cz,1734,19,0.45567804836231135,0.45329925848457286,0.3225806451612903,0.43448275862068964,0.42592592592592593,0.3225806451612903,0.6397228637413395
structured_montage_ce,outputs/reve_benchmark_lock/structured_montage_ce_s42,42,native32@fz,1734,19,0.46375984042379315,0.4596723183928104,0.31797235023041476,0.43448275862068964,0.41898148148148145,0.31797235023041476,0.6836027713625866
structured_montage_ce,outputs/reve_benchmark_lock/structured_montage_ce_s42,42,native32@pz,1734,19,0.4498139922047629,0.44849755698935745,0.3294930875576037,0.4942528735632184,0.3958333333333333,0.3294930875576037,0.5796766743648961
structured_montage_ce,outputs/reve_benchmark_lock/structured_montage_ce_s42,42,pz,1734,19,0.492645790104106,0.4882674633250641,0.29493087557603687,0.4689655172413793,0.49537037037037035,0.29493087557603687,0.7113163972286374
