test_view,protocol,method,class_index,class_name,recall,predicted_fraction,auroc
car,none,identity,0,left_fist,0.6319290465631929,0.2113144758735441,0.8787261050394258
car,none,identity,1,right_fist,0.6815144766146993,0.26400443704936216,0.8591848618133847
car,none,identity,2,both_fists,0.5088888888888888,0.24070992789794787,0.7992411924119242
car,none,identity,3,both_feet,0.6225165562913907,0.2839711591791459,0.816149129261712
car,view_specific,temperature,0,left_fist,0.6319290465631929,0.2113144758735441,0.8754788832180953
car,view_specific,temperature,1,right_fist,0.6815144766146993,0.26400443704936216,0.8585055251617744
car,view_specific,temperature,2,both_fists,0.5088888888888888,0.24070992789794787,0.7969696969696971
car,view_specific,temperature,3,both_feet,0.6225165562913907,0.2839711591791459,0.8169356553021011
car,view_specific,bias,0,left_fist,0.656319290465632,0.2290626733222407,0.8751410409477952
car,view_specific,bias,1,right_fist,0.6614699331848553,0.2512479201331115,0.8586765929868772
car,view_specific,bias,2,both_fists,0.6133333333333333,0.3161397670549085,0.8017360597848403
car,view_specific,bias,3,both_feet,0.5165562913907285,0.20354963948973934,0.817594636579184
car,view_specific,vector,0,left_fist,0.6385809312638581,0.21630615640599002,0.8741963945997717
car,view_specific,vector,1,right_fist,0.6614699331848553,0.25346644481419855,0.8581749036921041
car,view_specific,vector,2,both_fists,0.62,0.3233499722684415,0.799806192001314
car,view_specific,vector,3,both_feet,0.5253863134657837,0.20687742651136995,0.8167198103180443
native16@car,none,identity,0,left_fist,0.7716186252771619,0.49528563505268997,0.7735931985462943
native16@car,none,identity,1,right_fist,0.7616926503340757,0.5013865779256794,0.7513808792228256
native16@car,none,identity,2,both_fists,0.0,0.0011092623405435386,0.6145241028167857
native16@car,none,identity,3,both_feet,0.004415011037527594,0.0022185246810870773,0.6809631264818903
native16@car,view_specific,temperature,0,left_fist,0.7716186252771619,0.49528563505268997,0.7752561697214606
native16@car,view_specific,temperature,1,right_fist,0.7616926503340757,0.5013865779256794,0.748439828537403
native16@car,view_specific,temperature,2,both_fists,0.0,0.0011092623405435386,0.6051638334565164
native16@car,view_specific,temperature,3,both_feet,0.004415011037527594,0.0022185246810870773,0.6780884637396778
native16@car,view_specific,bias,0,left_fist,0.3902439024390244,0.1569606211869107,0.7727797530799407
native16@car,view_specific,bias,1,right_fist,0.5189309576837416,0.2823072656683306,0.7443588739789389
native16@car,view_specific,bias,2,both_fists,0.4711111111111111,0.35496394897393235,0.6203613369467027
native16@car,view_specific,bias,3,both_feet,0.3487858719646799,0.2057681641708264,0.6855056822827242
native16@car,view_specific,vector,0,left_fist,0.3991130820399113,0.16084303937881309,0.7763287369291121
native16@car,view_specific,vector,1,right_fist,0.5412026726057907,0.30227398779811426,0.7463409579140253
native16@car,view_specific,vector,2,both_fists,0.44666666666666666,0.33277870216306155,0.6156590293175659
native16@car,view_specific,vector,3,both_feet,0.3554083885209713,0.2041042706600111,0.6810416155670018
native16@car,leave_one_view_out,temperature,0,left_fist,0.7716186252771619,0.49528563505268997,0.7753348902504623
native16@car,leave_one_view_out,temperature,1,right_fist,0.7616926503340757,0.5013865779256794,0.7487951232510782
native16@car,leave_one_view_out,temperature,2,both_fists,0.0,0.0011092623405435386,0.6063890941939722
native16@car,leave_one_view_out,temperature,3,both_feet,0.004415011037527594,0.0022185246810870773,0.6794260485651215
native16@car,leave_one_view_out,bias,0,left_fist,0.4678492239467849,0.20854132002218526,0.7677186790695233
native16@car,leave_one_view_out,bias,1,right_fist,0.6057906458797327,0.3777038269550749,0.7436943412737316
native16@car,leave_one_view_out,bias,2,both_fists,0.4666666666666667,0.3538546866333888,0.6133448304180011
native16@car,leave_one_view_out,bias,3,both_feet,0.12582781456953643,0.059900166389351084,0.6823415910391628
native16@car,leave_one_view_out,vector,0,left_fist,0.4700665188470067,0.21075984470327233,0.7692406092968946
native16@car,leave_one_view_out,vector,1,right_fist,0.6347438752783965,0.4082085413200222,0.7457816977165734
native16@car,leave_one_view_out,vector,2,both_fists,0.4288888888888889,0.32945091514143093,0.6075059538474173
native16@car,leave_one_view_out,vector,3,both_feet,0.10375275938189846,0.051580698835274545,0.6780999100645899
native16@cz,none,identity,0,left_fist,0.7760532150776053,0.511924570160843,0.7614128366942626
native16@cz,none,identity,1,right_fist,0.7483296213808464,0.47420965058236275,0.7504252022383566
native16@cz,none,identity,2,both_fists,0.0,0.0022185246810870773,0.6178582573704525
native16@cz,none,identity,3,both_feet,0.01545253863134658,0.011647254575707155,0.6625868694301366
native16@cz,view_specific,temperature,0,left_fist,0.7760532150776053,0.511924570160843,0.7586526981461315
native16@cz,view_specific,temperature,1,right_fist,0.7483296213808464,0.47420965058236275,0.7459379615952733
native16@cz,view_specific,temperature,2,both_fists,0.0,0.0022185246810870773,0.6111554570091154
native16@cz,view_specific,temperature,3,both_feet,0.01545253863134658,0.011647254575707155,0.6643218052489576
native16@cz,view_specific,bias,0,left_fist,0.4079822616407982,0.17748197448696618,0.7500738004959393
native16@cz,view_specific,bias,1,right_fist,0.5189309576837416,0.2762063227953411,0.7419195125882893
native16@cz,view_specific,bias,2,both_fists,0.4533333333333333,0.331669439822518,0.6267816375133448
native16@cz,view_specific,bias,3,both_feet,0.38852097130242824,0.2146422628951747,0.6758057395143487
native16@cz,view_specific,vector,0,left_fist,0.41019955654101997,0.17581808097615087,0.7514169695220352
native16@cz,view_specific,vector,1,right_fist,0.5478841870824054,0.2983915696062119,0.7430594164613306
native16@cz,view_specific,vector,2,both_fists,0.4444444444444444,0.324459234608985,0.6168284470723495
native16@cz,view_specific,vector,3,both_feet,0.3730684326710817,0.20133111480865223,0.6694628403237675
native16@cz,leave_one_view_out,temperature,0,left_fist,0.7760532150776053,0.511924570160843,0.7591381414083103
native16@cz,leave_one_view_out,temperature,1,right_fist,0.7483296213808464,0.47420965058236275,0.7463146397870863
native16@cz,leave_one_view_out,temperature,2,both_fists,0.0,0.0022185246810870773,0.6121277818838794
native16@cz,leave_one_view_out,temperature,3,both_feet,0.01545253863134658,0.011647254575707155,0.6651884555637316
native16@cz,leave_one_view_out,bias,0,left_fist,0.4634146341463415,0.2201885745978924,0.7502492816751728
native16@cz,leave_one_view_out,bias,1,right_fist,0.6013363028953229,0.3521907931225735,0.7431433054909483
native16@cz,leave_one_view_out,bias,2,both_fists,0.42,0.30782029950083195,0.6226443294735977
native16@cz,leave_one_view_out,bias,3,both_feet,0.2185430463576159,0.11980033277870217,0.6731420161883738
native16@cz,leave_one_view_out,vector,0,left_fist,0.4789356984478936,0.22850804215196893,0.7520860940185518
native16@cz,leave_one_view_out,vector,1,right_fist,0.6570155902004454,0.3865779256794232,0.7445447457504449
native16@cz,leave_one_view_out,vector,2,both_fists,0.4,0.2839711591791459,0.6157477211135748
native16@cz,leave_one_view_out,vector,3,both_feet,0.18322295805739514,0.100942872989462,0.6704161556700188
native16@fz,none,identity,0,left_fist,0.8514412416851441,0.6062118691070438,0.7590446607801203
native16@fz,none,identity,1,right_fist,0.6035634743875279,0.3771491957848031,0.7274807301964319
native16@fz,none,identity,2,both_fists,0.0,0.0,0.6114116777531412
native16@fz,none,identity,3,both_feet,0.03532008830022075,0.016638935108153077,0.6420341754558091
native16@fz,view_specific,temperature,0,left_fist,0.8514412416851441,0.6062118691070438,0.7589446201078471
native16@fz,view_specific,temperature,1,right_fist,0.6035634743875279,0.3771491957848031,0.7249525451273633
native16@fz,view_specific,temperature,2,both_fists,0.0,0.0,0.6134877227560155
native16@fz,view_specific,temperature,3,both_feet,0.03532008830022075,0.016638935108153077,0.6580982748753168
native16@fz,view_specific,bias,0,left_fist,0.4700665188470067,0.23349972268441485,0.7528421390991747
native16@fz,view_specific,bias,1,right_fist,0.48775055679287305,0.281198003327787,0.72172528481148
native16@fz,view_specific,bias,2,both_fists,0.41333333333333333,0.29339988907376596,0.6273006487640633
native16@fz,view_specific,bias,3,both_feet,0.3554083885209713,0.19190238491403216,0.6662071784809092
native16@fz,view_specific,vector,0,left_fist,0.4789356984478936,0.23904603438713257,0.7555005969640116
native16@fz,view_specific,vector,1,right_fist,0.5211581291759465,0.3056017748197449,0.722784589420771
native16@fz,view_specific,vector,2,both_fists,0.3711111111111111,0.26455906821963393,0.6249388190851606
native16@fz,view_specific,vector,3,both_feet,0.3465783664459161,0.19079312257348863,0.6650788978824299
native16@fz,leave_one_view_out,temperature,0,left_fist,0.8514412416851441,0.6062118691070438,0.7588872197221165
native16@fz,leave_one_view_out,temperature,1,right_fist,0.6035634743875279,0.3771491957848031,0.7249706388396338
native16@fz,leave_one_view_out,temperature,2,both_fists,0.0,0.0,0.6134056007226739
native16@fz,leave_one_view_out,temperature,3,both_feet,0.03532008830022075,0.016638935108153077,0.658173493581882
native16@fz,leave_one_view_out,bias,0,left_fist,0.5099778270509978,0.26234054353854686,0.7527191382726093
native16@fz,leave_one_view_out,bias,1,right_fist,0.46547884187082406,0.2584581253466445,0.7224671270145704
native16@fz,leave_one_view_out,bias,2,both_fists,0.3488888888888889,0.24459234608985025,0.6292108072595878
native16@fz,leave_one_view_out,bias,3,both_feet,0.39072847682119205,0.23460898502495842,0.666648679584662
native16@fz,leave_one_view_out,vector,0,left_fist,0.5144124168514412,0.2762063227953411,0.753737585116572
native16@fz,leave_one_view_out,vector,1,right_fist,0.48775055679287305,0.2806433721575152,0.7224276498241621
native16@fz,leave_one_view_out,vector,2,both_fists,0.3377777777777778,0.23738214087631726,0.616843229038351
native16@fz,leave_one_view_out,vector,3,both_feet,0.3509933774834437,0.2057681641708264,0.6666454092061156
native16@pz,none,identity,0,left_fist,0.738359201773836,0.44980587909040487,0.7699195738595365
native16@pz,none,identity,1,right_fist,0.6258351893095768,0.3632834165280089,0.7362545357646896
native16@pz,none,identity,2,both_fists,0.017777777777777778,0.010537992235163616,0.6238137472283815
native16@pz,none,identity,3,both_feet,0.30022075055187636,0.17637271214642264,0.6684081432425804
native16@pz,view_specific,temperature,0,left_fist,0.738359201773836,0.44980587909040487,0.7640729345701203
native16@pz,view_specific,temperature,1,right_fist,0.6258351893095768,0.3632834165280089,0.7335223852118444
native16@pz,view_specific,temperature,2,both_fists,0.017777777777777778,0.010537992235163616,0.6151186663381785
native16@pz,view_specific,temperature,3,both_feet,0.30022075055187636,0.17637271214642264,0.6788063118305945
native16@pz,view_specific,bias,0,left_fist,0.4501108647450111,0.21353300055463117,0.7584804969889399
native16@pz,view_specific,bias,1,right_fist,0.48997772828507796,0.2562396006655574,0.7328989745799791
native16@pz,view_specific,bias,2,both_fists,0.38222222222222224,0.28286189683860236,0.6246382524431305
native16@pz,view_specific,bias,3,both_feet,0.41280353200883,0.2473655019412091,0.6819049955032295
native16@pz,view_specific,vector,0,left_fist,0.4523281596452328,0.21575152523571825,0.7573390493184115
native16@pz,view_specific,vector,1,right_fist,0.5256124721603563,0.2773155851358846,0.7329828636095969
native16@pz,view_specific,vector,2,both_fists,0.37333333333333335,0.27287853577371046,0.6169532725630287
native16@pz,view_specific,vector,3,both_feet,0.38852097130242824,0.23405435385468662,0.6811495380590302
native16@pz,leave_one_view_out,temperature,0,left_fist,0.738359201773836,0.44980587909040487,0.7624673637806846
native16@pz,leave_one_view_out,temperature,1,right_fist,0.6258351893095768,0.3632834165280089,0.7329746391949286
native16@pz,leave_one_view_out,temperature,2,both_fists,0.017777777777777778,0.010537992235163616,0.6122903835098956
native16@pz,leave_one_view_out,temperature,3,both_feet,0.30022075055187636,0.17637271214642264,0.6779462022729132
native16@pz,leave_one_view_out,bias,0,left_fist,0.28159645232815966,0.0992789794786467,0.7603484695417153
native16@pz,leave_one_view_out,bias,1,right_fist,0.30734966592427615,0.136993899057127,0.7266418399002543
native16@pz,leave_one_view_out,bias,2,both_fists,0.35333333333333333,0.24348308374930672,0.6222994169335633
native16@pz,leave_one_view_out,bias,3,both_feet,0.739514348785872,0.5202440377149196,0.6836382961327774
native16@pz,leave_one_view_out,vector,0,left_fist,0.2838137472283814,0.10260676650027732,0.7593283826867318
native16@pz,leave_one_view_out,vector,1,right_fist,0.33184855233853006,0.14697726012201887,0.7300878696463172
native16@pz,leave_one_view_out,vector,2,both_fists,0.36,0.24514697726012202,0.6184544633325122
native16@pz,leave_one_view_out,vector,3,both_feet,0.7196467991169978,0.5052689961175818,0.6822745482789634
native32@car,none,identity,0,left_fist,0.6851441241685144,0.34775374376039936,0.8044057256064762
native32@car,none,identity,1,right_fist,0.732739420935412,0.3954520244037715,0.8037506620653808
native32@car,none,identity,2,both_fists,0.21555555555555556,0.100942872989462,0.7118748460211874
native32@car,none,identity,3,both_feet,0.32671081677704195,0.15585135884636717,0.7368179216744337
native32@car,view_specific,temperature,0,left_fist,0.6851441241685144,0.34775374376039936,0.7999563757068449
native32@car,view_specific,temperature,1,right_fist,0.732739420935412,0.3954520244037715,0.8034759666154558
native32@car,view_specific,temperature,2,both_fists,0.21555555555555556,0.100942872989462,0.704429662478443
native32@car,view_specific,temperature,3,both_feet,0.32671081677704195,0.15585135884636717,0.7382601586133595
native32@car,view_specific,bias,0,left_fist,0.48558758314855877,0.18857459789240155,0.7937686141250869
native32@car,view_specific,bias,1,right_fist,0.6302895322939867,0.2706600110926234,0.8076621936816757
native32@car,view_specific,bias,2,both_fists,0.5911111111111111,0.34941763727121466,0.7111883058224522
native32@car,view_specific,bias,3,both_feet,0.39514348785871967,0.1913477537437604,0.7396647861990024
native32@car,view_specific,vector,0,left_fist,0.48558758314855877,0.18801996672212978,0.7938850549075689
native32@car,view_specific,vector,1,right_fist,0.621380846325167,0.2701053799223516,0.8067262552924107
native32@car,view_specific,vector,2,both_fists,0.5911111111111111,0.35330005546311705,0.7058240946045824
native32@car,view_specific,vector,3,both_feet,0.39072847682119205,0.18857459789240155,0.7392265554737962
native32@car,leave_one_view_out,temperature,0,left_fist,0.6851441241685144,0.34775374376039936,0.7990396095461761
native32@car,leave_one_view_out,temperature,1,right_fist,0.732739420935412,0.3954520244037715,0.803403591766374
native32@car,leave_one_view_out,temperature,2,both_fists,0.21555555555555556,0.100942872989462,0.7028857682516219
native32@car,leave_one_view_out,temperature,3,both_feet,0.32671081677704195,0.15585135884636717,0.7374474695445998
native32@car,leave_one_view_out,bias,0,left_fist,0.4523281596452328,0.17637271214642264,0.7859310014563298
native32@car,leave_one_view_out,bias,1,right_fist,0.5902004454342984,0.2506932889628397,0.8070848397719534
native32@car,leave_one_view_out,bias,2,both_fists,0.6688888888888889,0.4387132556849695,0.7112523610084587
native32@car,leave_one_view_out,bias,3,both_feet,0.31346578366445915,0.13422074320576816,0.7387523505845802
native32@car,leave_one_view_out,vector,0,left_fist,0.4523281596452328,0.17748197448696618,0.7899965887770766
native32@car,leave_one_view_out,vector,1,right_fist,0.6057906458797327,0.2612312811980033,0.8071095130159587
native32@car,leave_one_view_out,vector,2,both_fists,0.6577777777777778,0.42872989462007766,0.7050751416605076
native32@car,leave_one_view_out,vector,3,both_feet,0.3090507726269316,0.13255684969495285,0.7374327528411413
native32@cz,none,identity,0,left_fist,0.6164079822616408,0.310038824181919,0.7842680302811635
native32@cz,none,identity,1,right_fist,0.7149220489977728,0.3777038269550749,0.7860073098597573
native32@cz,none,identity,2,both_fists,0.19111111111111112,0.09428729894620078,0.7043114067504311
native32@cz,none,identity,3,both_feet,0.4260485651214128,0.21797004991680533,0.7166167933938353
native32@cz,view_specific,temperature,0,left_fist,0.6164079822616408,0.310038824181919,0.7770257416129837
native32@cz,view_specific,temperature,1,right_fist,0.7149220489977728,0.3777038269550749,0.7877969424916029
native32@cz,view_specific,temperature,2,both_fists,0.19111111111111112,0.09428729894620078,0.6985973556705264
native32@cz,view_specific,temperature,3,both_feet,0.4260485651214128,0.21797004991680533,0.7203499305044558
native32@cz,view_specific,bias,0,left_fist,0.42350332594235035,0.17581808097615087,0.76621150894134
native32@cz,view_specific,bias,1,right_fist,0.5924276169265034,0.25346644481419855,0.7922414161784106
native32@cz,view_specific,bias,2,both_fists,0.5911111111111111,0.3688297282307266,0.7038285291943829
native32@cz,view_specific,bias,3,both_feet,0.40176600441501104,0.201885745978924,0.7257967459733464
native32@cz,view_specific,vector,0,left_fist,0.42350332594235035,0.17914586799778148,0.7678433199071099
native32@cz,view_specific,vector,1,right_fist,0.5991091314031181,0.2628951747088186,0.7920094876847614
native32@cz,view_specific,vector,2,both_fists,0.5888888888888889,0.36772046589018303,0.7004812351153814
native32@cz,view_specific,vector,3,both_feet,0.37748344370860926,0.19023849140321686,0.7228959202027635
native32@cz,leave_one_view_out,temperature,0,left_fist,0.6164079822616408,0.310038824181919,0.7765993387475565
native32@cz,leave_one_view_out,temperature,1,right_fist,0.7149220489977728,0.3777038269550749,0.7878824764041543
native32@cz,leave_one_view_out,temperature,2,both_fists,0.19111111111111112,0.09428729894620078,0.6981604664531494
native32@cz,leave_one_view_out,temperature,3,both_feet,0.4260485651214128,0.21797004991680533,0.72024854876952
native32@cz,leave_one_view_out,bias,0,left_fist,0.3946784922394678,0.158624514697726,0.7649487004552671
native32@cz,leave_one_view_out,bias,1,right_fist,0.5746102449888641,0.2401552967276761,0.7923762965789724
native32@cz,leave_one_view_out,bias,2,both_fists,0.6022222222222222,0.389351081530782,0.7024308121869098
native32@cz,leave_one_view_out,bias,3,both_feet,0.41280353200883,0.21186910704381587,0.72542065244052
native32@cz,leave_one_view_out,vector,0,left_fist,0.3968957871396896,0.15917914586799778,0.766406670252824
native32@cz,leave_one_view_out,vector,1,right_fist,0.5902004454342984,0.2506932889628397,0.7925967108920858
native32@cz,leave_one_view_out,vector,2,both_fists,0.6088888888888889,0.3865779256794232,0.6994612794612795
native32@cz,leave_one_view_out,vector,3,both_feet,0.3995584988962472,0.20354963948973934,0.7225639767803124
native32@fz,none,identity,0,left_fist,0.7716186252771619,0.4581253466444814,0.7965123525630091
native32@fz,none,identity,1,right_fist,0.7193763919821826,0.4248474764281753,0.7956265852559273
native32@fz,none,identity,2,both_fists,0.05333333333333334,0.029950083194675542,0.7013090252114642
native32@fz,none,identity,3,both_feet,0.1986754966887417,0.08707709373266778,0.7019524159921511
native32@fz,view_specific,temperature,0,left_fist,0.7716186252771619,0.4581253466444814,0.7890962227266166
native32@fz,view_specific,temperature,1,right_fist,0.7193763919821826,0.4248474764281753,0.7995726594138295
native32@fz,view_specific,temperature,2,both_fists,0.05333333333333334,0.029950083194675542,0.6910601954504394
native32@fz,view_specific,temperature,3,both_feet,0.1986754966887417,0.08707709373266778,0.7186656855531028
native32@fz,view_specific,bias,0,left_fist,0.49223946784922396,0.21242373821408764,0.7784443511460396
native32@fz,view_specific,bias,1,right_fist,0.5879732739420935,0.25679423183582917,0.7998769627565606
native32@fz,view_specific,bias,2,both_fists,0.5644444444444444,0.34941763727121466,0.7059604171799293
native32@fz,view_specific,bias,3,both_feet,0.38631346578366443,0.18136439267886856,0.7224707709917423
native32@fz,view_specific,vector,0,left_fist,0.49445676274944567,0.2146422628951747,0.781097888977814
native32@fz,view_specific,vector,1,right_fist,0.6013363028953229,0.26622296173044924,0.8010481194053419
native32@fz,view_specific,vector,2,both_fists,0.5688888888888889,0.34775374376039936,0.6973983739837398
native32@fz,view_specific,vector,3,both_feet,0.36644591611479027,0.1713810316139767,0.7239048319843021
native32@fz,leave_one_view_out,temperature,0,left_fist,0.7716186252771619,0.4581253466444814,0.7903163909261471
native32@fz,leave_one_view_out,temperature,1,right_fist,0.7193763919821826,0.4248474764281753,0.799419685300997
native32@fz,leave_one_view_out,temperature,2,both_fists,0.05333333333333334,0.029950083194675542,0.6937225917713722
native32@fz,leave_one_view_out,temperature,3,both_feet,0.1986754966887417,0.08707709373266778,0.7173101136456546
native32@fz,leave_one_view_out,bias,0,left_fist,0.6696230598669624,0.3483083749306711,0.78540619792965
native32@fz,leave_one_view_out,bias,1,right_fist,0.7015590200445434,0.35995562950637827,0.7991268961388018
native32@fz,leave_one_view_out,bias,2,both_fists,0.3844444444444444,0.21741541874653356,0.7020924694095425
native32@fz,leave_one_view_out,bias,3,both_feet,0.18984547461368653,0.07432057681641709,0.7139972201782356
native32@fz,leave_one_view_out,vector,0,left_fist,0.656319290465632,0.338879645036051,0.7844353114052927
native32@fz,leave_one_view_out,vector,1,right_fist,0.7104677060133631,0.37104825291181365,0.8004937938566912
native32@fz,leave_one_view_out,vector,2,both_fists,0.37777777777777777,0.21630615640599002,0.6962240289069558
native32@fz,leave_one_view_out,vector,3,both_feet,0.18543046357615894,0.07376594564614532,0.7197498160412067
native32@pz,none,identity,0,left_fist,0.5299334811529933,0.21408763172490294,0.800786221283407
native32@pz,none,identity,1,right_fist,0.5812917594654788,0.25734886300610094,0.7924634753744575
native32@pz,none,identity,2,both_fists,0.13555555555555557,0.06600110926234054,0.6967019791410035
native32@pz,none,identity,3,both_feet,0.6799116997792495,0.46256239600665555,0.7201373558989453
native32@pz,view_specific,temperature,0,left_fist,0.5299334811529933,0.21408763172490294,0.7949674621813458
native32@pz,view_specific,temperature,1,right_fist,0.5812917594654788,0.25734886300610094,0.7969079490612654
native32@pz,view_specific,temperature,2,both_fists,0.13555555555555557,0.06600110926234054,0.6891993101749199
native32@pz,view_specific,temperature,3,both_feet,0.6799116997792495,0.46256239600665555,0.724099419507808
native32@pz,view_specific,bias,0,left_fist,0.4745011086474501,0.18857459789240155,0.7890552224510948
native32@pz,view_specific,bias,1,right_fist,0.5701559020044543,0.23793677204658903,0.8008704720485043
native32@pz,view_specific,bias,2,both_fists,0.47555555555555556,0.2945091514143095,0.6978286934384496
native32@pz,view_specific,bias,3,both_feet,0.4900662251655629,0.2789794786466999,0.7287368162864851
native32@pz,view_specific,vector,0,left_fist,0.4745011086474501,0.18746533555185801,0.7899195082590955
native32@pz,view_specific,vector,1,right_fist,0.5746102449888641,0.24070992789794787,0.799807877673346
native32@pz,view_specific,vector,2,both_fists,0.4666666666666667,0.2889628397115918,0.6931986531986533
native32@pz,view_specific,vector,3,both_feet,0.4900662251655629,0.28286189683860236,0.7268318207832556
native32@pz,leave_one_view_out,temperature,0,left_fist,0.5299334811529933,0.21408763172490294,0.794873981553156
native32@pz,leave_one_view_out,temperature,1,right_fist,0.5812917594654788,0.25734886300610094,0.7968997246465969
native32@pz,leave_one_view_out,temperature,2,both_fists,0.13555555555555557,0.06600110926234054,0.68910076373491
native32@pz,leave_one_view_out,temperature,3,both_feet,0.6799116997792495,0.46256239600665555,0.7240977843185348
native32@pz,leave_one_view_out,bias,0,left_fist,0.3458980044345898,0.11591791458679977,0.7869855285427518
native32@pz,leave_one_view_out,bias,1,right_fist,0.46993318485523383,0.16694398225180254,0.7947663114816118
native32@pz,leave_one_view_out,bias,2,both_fists,0.3977777777777778,0.24292845257903495,0.690161780405683
native32@pz,leave_one_view_out,bias,3,both_feet,0.7086092715231788,0.47420965058236275,0.7302673534461613
native32@pz,leave_one_view_out,vector,0,left_fist,0.35476718403547675,0.12035496394897394,0.7882204568414699
native32@pz,leave_one_view_out,vector,1,right_fist,0.48329621380846327,0.17249029395452026,0.7980791057100467
native32@pz,leave_one_view_out,vector,2,both_fists,0.41333333333333333,0.24681087077093733,0.6904409953190442
native32@pz,leave_one_view_out,vector,3,both_feet,0.7019867549668874,0.4603438713255685,0.7280811053879487
