held_out_reference,batch_size,prior_match_mse_from_non_target_references,topology_mse_from_nested_non_target_references,prior_match_weight,topology_weight,n_source_views,n_random_resamples,target_reference_labels_used
c1,16,0.2612850546818222,0.06783874329133219,0.2061192284152773,0.7938807715847227,46,20,False
c1,32,0.11177603132046408,0.06783874329133219,0.37769021751107584,0.6223097824889241,46,20,False
c1,64,0.06131036718825239,0.06783874329133219,0.5252745685929899,0.47472543140701007,46,20,False
c1,128,0.02410085449069079,0.06783874329133219,0.7378620847588344,0.2621379152411656,46,20,False
c1,256,0.00881789891455946,0.06783874329133219,0.8849688864420188,0.11503111355798123,46,20,False
c1,512,0.003585416478354662,0.06783874329133219,0.9498010688551867,0.05019893114481333,46,20,False
c1,900,1.253877252944763e-05,0.06783874329133219,0.9998152021281241,0.0001847978718758636,46,1,False
c2,16,0.261525051167767,0.06684876754910306,0.20357520526550046,0.7964247947344996,46,20,False
c2,32,0.11094275215007489,0.06684876754910306,0.37599525366682685,0.6240047463331732,46,20,False
c2,64,0.06128725704061166,0.06684876754910306,0.5217015883171774,0.4782984116828226,46,20,False
c2,128,0.023923979549907694,0.06684876754910306,0.7364409438461467,0.26355905615385333,46,20,False
c2,256,0.008773834851930654,0.06684876754910306,0.8839786707497556,0.11602132925024444,46,20,False
c2,512,0.0035621560849523307,0.06684876754910306,0.9494090419340921,0.050590958065907854,46,20,False
c2,900,1.2548117250876898e-05,0.06684876754910306,0.9998123261990013,0.00018767380099871112,46,1,False
c3,16,0.2633048136345626,0.06220669963019143,0.1911044528234421,0.8088955471765579,46,20,False
c3,32,0.11220046905563227,0.06220669963019143,0.35667513037982,0.64332486962018,46,20,False
c3,64,0.06173225078037674,0.06220669963019143,0.5019140425517684,0.4980859574482316,46,20,False
c3,128,0.024176646017675444,0.06220669963019143,0.720123759547018,0.279876240452982,46,20,False
c3,256,0.00893545443789222,0.06220669963019143,0.8744000015891997,0.12559999841080027,46,20,False
c3,512,0.003596237785605323,0.06220669963019143,0.9453483700449214,0.05465162995507855,46,20,False
c3,900,1.2600782165773393e-05,0.06220669963019143,0.999797477919516,0.00020252208048399112,46,1,False
c4,16,0.2644851515233707,0.06093618858786465,0.18725320400633674,0.8127467959936633,46,20,False
c4,32,0.1118216405927997,0.06093618858786465,0.3527260609656054,0.6472739390343947,46,20,False
c4,64,0.06145681543055108,0.06093618858786465,0.49787313479695255,0.5021268652030475,46,20,False
c4,128,0.02406079066979236,0.06093618858786465,0.716921814399365,0.283078185600635,46,20,False
c4,256,0.008806851767583964,0.06093618858786465,0.8737242924498354,0.1262757075501646,46,20,False
c4,512,0.003558707085380821,0.06093618858786465,0.9448218801157455,0.05517811988425447,46,20,False
c4,900,1.2568171763070097e-05,0.06093618858786465,0.9997937911709562,0.00020620882904376359,46,1,False
c5,16,0.2596384003902482,0.0645187246122756,0.19903534315888716,0.8009646568411128,47,20,False
c5,32,0.11034313812770322,0.0645187246122756,0.3689696746981103,0.6310303253018896,47,20,False
c5,64,0.06108648928293263,0.0645187246122756,0.513662790034363,0.486337209965637,47,20,False
c5,128,0.023732988307607075,0.0645187246122756,0.7310761737944675,0.26892382620553246,47,20,False
c5,256,0.00881295247454358,0.0645187246122756,0.8798206610751625,0.12017933892483745,47,20,False
c5,512,0.0035562274885246343,0.0645187246122756,0.9477601176529828,0.05223988234701715,47,20,False
c5,900,1.2547675654883733e-05,0.0645187246122756,0.9998055566671784,0.0001944433328215922,47,1,False
c6,16,0.26093715365266457,0.06775087578372369,0.20612516951073104,0.793874830489269,47,20,False
c6,32,0.1109937824282784,0.06775087578372369,0.3790372057069644,0.6209627942930356,47,20,False
c6,64,0.0605192645220842,0.06775087578372369,0.5281889894421206,0.47181101055787944,47,20,False
c6,128,0.023810306835452003,0.06775087578372369,0.7399519517513812,0.2600480482486188,47,20,False
c6,256,0.008709178771787389,0.06775087578372369,0.886095048945271,0.11390495105472898,47,20,False
c6,512,0.0035200208070606492,0.06775087578372369,0.9506106843685224,0.04938931563147764,47,20,False
c6,900,1.2516415150303998e-05,0.06775087578372369,0.9998152923762498,0.00018470762375022431,47,1,False
cp1,16,0.2603035906814922,0.0661647564594038,0.20266821282630704,0.7973317871736929,46,20,False
cp1,32,0.11117570957642013,0.0661647564594038,0.3730945222961018,0.6269054777038983,46,20,False
cp1,64,0.061165898878864686,0.0661647564594038,0.5196294347471121,0.4803705652528879,46,20,False
cp1,128,0.023924489202254446,0.0661647564594038,0.7344356806792907,0.26556431932070934,46,20,False
cp1,256,0.00879388350108025,0.0661647564594038,0.8826835237977086,0.11731647620229135,46,20,False
cp1,512,0.0035571482083230073,0.0661647564594038,0.9489809088653661,0.051019091134633876,46,20,False
cp1,900,1.2435112298421703e-05,0.0661647564594038,0.9998120936835926,0.00018790631640741573,46,1,False
cp2,16,0.2628608525950015,0.06746291559140694,0.20423270163634194,0.7957672983636581,46,20,False
cp2,32,0.11111705421494177,0.06746291559140694,0.3777742580232453,0.6222257419767547,46,20,False
cp2,64,0.06120264104113783,0.06746291559140694,0.5243277016558044,0.47567229834419555,46,20,False
cp2,128,0.02400562532458302,0.06746291559140694,0.7375532058980674,0.2624467941019326,46,20,False
cp2,256,0.00877057431333786,0.06746291559140694,0.8849511635332862,0.11504883646671382,46,20,False
cp2,512,0.0035379965423749694,0.06746291559140694,0.9501697029510188,0.04983029704898123,46,20,False
cp2,900,1.2512005598372324e-05,0.06746291559140694,0.999814569450777,0.00018543054922304236,46,1,False
cp3,16,0.26030076974830113,0.06415139539906052,0.19772219849395628,0.8022778015060437,46,20,False
cp3,32,0.11086731706777653,0.06415139539906052,0.3665402087289157,0.6334597912710843,46,20,False
cp3,64,0.061227365073319516,0.06415139539906052,0.5116607881379763,0.48833921186202367,46,20,False
cp3,128,0.023870918757180254,0.06415139539906052,0.72880832563878,0.27119167436122005,46,20,False
cp3,256,0.008787630026006282,0.06415139539906052,0.879520874116502,0.12047912588349796,46,20,False
cp3,512,0.0035774307160487146,0.06415139539906052,0.9471800868072237,0.05281991319277635,46,20,False
cp3,900,1.2584946810306445e-05,0.06415139539906052,0.9998038627475654,0.00019613725243461388,46,1,False
cp4,16,0.26176236262009905,0.06742053003947077,0.20481176738790882,0.7951882326120912,46,20,False
cp4,32,0.11108989159103802,0.06742053003947077,0.3776839997556091,0.6223160002443908,46,20,False
cp4,64,0.061279164978711775,0.06742053003947077,0.5238592836598849,0.4761407163401151,46,20,False
cp4,128,0.023974041931078983,0.06742053003947077,0.7376863700526528,0.2623136299473472,46,20,False
cp4,256,0.008826621371163454,0.06742053003947077,0.884236706449175,0.11576329355082504,46,20,False
cp4,512,0.0035400302703022532,0.06742053003947077,0.9501127069058007,0.04988729309419926,46,20,False
cp4,900,1.2556332733807105e-05,0.06742053003947077,0.9998137956690206,0.00018620433097937816,46,1,False
cp5,16,0.2594732422385818,0.0646554935858234,0.1994747346956924,0.8005252653043076,47,20,False
cp5,32,0.1102541848529668,0.0646554935858234,0.36965074867740755,0.6303492513225925,47,20,False
cp5,64,0.06096000175955505,0.0646554935858234,0.5147095380872704,0.4852904619127296,47,20,False
cp5,128,0.023720485885293234,0.0646554935858234,0.7315957794499391,0.26840422055006086,47,20,False
cp5,256,0.008752463514866943,0.0646554935858234,0.8807695533215617,0.1192304466784383,47,20,False
cp5,512,0.003541299814672779,0.0646554935858234,0.9480723412627928,0.05192765873720717,47,20,False
cp5,900,1.2553287510089157e-05,0.0646554935858234,0.9998058811404236,0.00019411885957643094,47,1,False
cp6,16,0.2581376981246961,0.0646307220235484,0.2002386788455454,0.7997613211544546,47,20,False
cp6,32,0.11069244938098136,0.0646307220235484,0.368637650721156,0.631362349278844,47,20,False
cp6,64,0.06075237055028487,0.0646307220235484,0.5154660065948673,0.4845339934051327,47,20,False
cp6,128,0.02379393654396239,0.0646307220235484,0.7309128818880753,0.26908711811192465,47,20,False
cp6,256,0.008705295247093035,0.0646307220235484,0.8812957729219635,0.11870422707803652,47,20,False
cp6,512,0.0034976370027390243,0.0646307220235484,0.9486610707680562,0.05133892923194383,47,20,False
cp6,900,1.2511698043176687e-05,0.0646307220235484,0.9998064499975812,0.0001935500024188297,47,1,False
cpz,16,0.25994488372048863,0.06733831919253824,0.20574938949871163,0.7942506105012883,46,20,False
cpz,32,0.1112508400996234,0.06733831919253824,0.3770571487061911,0.6229428512938089,46,20,False
cpz,64,0.0611624349690597,0.06733831919253824,0.5240305368780637,0.47596946312193633,46,20,False
cpz,128,0.024039965230287678,0.06733831919253824,0.7369181815774757,0.2630818184225243,46,20,False
cpz,256,0.008772798207030967,0.06733831919253824,0.8847369673870978,0.11526303261290216,46,20,False
cpz,512,0.0035623535006050204,0.06733831919253824,0.9497557164792665,0.05024428352073351,46,20,False
cpz,900,1.2550025372048389e-05,0.06733831919253824,0.9998136620133076,0.00018633798669243085,46,1,False
cz,16,0.26241313558866014,0.06689957749741264,0.2031490885076369,0.7968509114923631,46,20,False
cz,32,0.11192576346404282,0.06689957749741264,0.3741056895948118,0.6258943104051882,46,20,False
cz,64,0.061548942940411036,0.06689957749741264,0.520827933785316,0.479172066214684,46,20,False
cz,128,0.024061338809964777,0.06689957749741264,0.735476072727147,0.264523927272853,46,20,False
cz,256,0.008820347211606298,0.06689957749741264,0.8835135237455445,0.11648647625445552,46,20,False
cz,512,0.0035871317957435005,0.06689957749741264,0.9491091039471778,0.050890896052822154,46,20,False
cz,900,1.2538130678122992e-05,0.06689957749741264,0.9998126179308421,0.00018738206915791533,46,1,False
f1,16,0.2601818931190138,0.06655304882473441,0.20369125024954451,0.7963087497504555,47,20,False
f1,32,0.11076103093754476,0.06655304882473441,0.37533989920011157,0.6246601007998884,47,20,False
f1,64,0.060878340571685875,0.06655304882473441,0.5222657395478729,0.4777342604521271,47,20,False
f1,128,0.02390273421944022,0.06655304882473441,0.7357522823303937,0.2642477176696063,47,20,False
f1,256,0.008775778764441043,0.06655304882473441,0.8835003936036024,0.11649960639639756,47,20,False
f1,512,0.0035606079170910836,0.06655304882473441,0.949216627935952,0.05078337206404804,47,20,False
f1,900,1.2559928081542442e-05,0.06655304882473441,0.9998113150571765,0.00018868494282353598,47,1,False
f2,16,0.2590755015345219,0.06546614854761824,0.20171878873189014,0.7982812112681099,47,20,False
f2,32,0.1106670429255117,0.06546614854761824,0.3716854727952026,0.6283145272047974,47,20,False
f2,64,0.06061080750739063,0.06546614854761824,0.5192554658367116,0.48074453416328844,47,20,False
f2,128,0.023835000005304207,0.06546614854761824,0.7330941383001486,0.2669058616998514,47,20,False
f2,256,0.00873946326068038,0.06546614854761824,0.8822263835886462,0.11777361641135375,47,20,False
f2,512,0.003546328212570704,0.06546614854761824,0.9486132308380437,0.05138676916195628,47,20,False
f2,900,1.2548068061249007e-05,0.06546614854761824,0.9998083641136765,0.0001916358863235379,47,1,False
f3,16,0.25953879709168143,0.06553013349355223,0.2015884242630506,0.7984115757369494,47,20,False
f3,32,0.1103774889069136,0.06553013349355223,0.37252583258938243,0.6274741674106176,47,20,False
f3,64,0.06079737946376209,0.06553013349355223,0.5187320794932032,0.4812679205067968,47,20,False
f3,128,0.02379336569677487,0.06553013349355223,0.7336270308211182,0.26637296917888176,47,20,False
f3,256,0.008732487319228188,0.06553013349355223,0.8824107306791232,0.11758926932087677,47,20,False
f3,512,0.0035492114071299275,0.06553013349355223,0.9486212353022058,0.05137876469779423,47,20,False
f3,900,1.2560047027671969e-05,0.06553013349355223,0.9998083684641387,0.0001916315358613252,47,1,False
f4,16,0.2593247063117243,0.05889425286735372,0.18507461975014167,0.8149253802498584,47,20,False
f4,32,0.11100987214788487,0.05889425286735372,0.3466322719479091,0.6533677280520909,47,20,False
f4,64,0.06056711680766977,0.05889425286735372,0.4929983058755026,0.5070016941244975,47,20,False
f4,128,0.023858695921949422,0.05889425286735372,0.7116876646571721,0.28831233534282785,47,20,False
f4,256,0.008747768929200915,0.05889425286735372,0.8706755254076913,0.12932447459230867,47,20,False
f4,512,0.0035461927659037242,0.05889425286735372,0.9432067992158126,0.05679320078418737,47,20,False
f4,900,1.2549234949264428e-05,0.05889425286735372,0.9997869645864077,0.0002130354135922996,47,1,False
fc1,16,0.26247242001754695,0.06770266340850523,0.20505079519020789,0.7949492048097921,46,20,False
fc1,32,0.11220278608594568,0.06770266340850523,0.3763235832975336,0.6236764167024664,46,20,False
fc1,64,0.06127485773438033,0.06770266340850523,0.5249183176152221,0.4750816823847779,46,20,False
fc1,128,0.024117540212179555,0.06770266340850523,0.7373395041486656,0.26266049585133444,46,20,False
fc1,256,0.008903416379912819,0.06770266340850523,0.8837766349028225,0.11622336509717746,46,20,False
fc1,512,0.0036115040595485638,0.06770266340850523,0.9493578318618613,0.05064216813813871,46,20,False
fc1,900,1.25927297653295e-05,0.06770266340850523,0.9998140340820744,0.00018596591792563455,46,1,False
fc2,16,0.2632922468686304,0.06261995409736404,0.19213749565607022,0.8078625043439298,46,20,False
fc2,32,0.11158080143026868,0.06261995409736404,0.35947004883931694,0.640529951160683,46,20,False
fc2,64,0.06143344110100179,0.06261995409736404,0.5047822673231352,0.49521773267686475,46,20,False
fc2,128,0.024066765341872423,0.06261995409736404,0.7223707910789938,0.2776292089210062,46,20,False
fc2,256,0.008854887857582643,0.06261995409736404,0.8761118231899803,0.12388817681001973,46,20,False
fc2,512,0.0035909325161409774,0.06261995409736404,0.9457652253306552,0.05423477466934479,46,20,False
fc2,900,1.2579492182601356e-05,0.06261995409736404,0.9997991540264834,0.0002008459735165502,46,1,False
fc3,16,0.26535547636326945,0.06204771664970491,0.18951469617233108,0.8104853038276689,46,20,False
fc3,32,0.11274960003028149,0.06204771664970491,0.3549695031262978,0.6450304968737022,46,20,False
fc3,64,0.06122455741259846,0.06204771664970491,0.5033387849918726,0.49666121500812743,46,20,False
fc3,128,0.024245280301331718,0.06204771664970491,0.7190353660437974,0.28096463395620264,46,20,False
fc3,256,0.008894508958848113,0.06204771664970491,0.8746232038458099,0.12537679615419006,46,20,False
fc3,512,0.003625143406817823,0.06204771664970491,0.9447999766768531,0.055200023323146885,46,20,False
fc3,900,1.2596282078174628e-05,0.06204771664970491,0.999797031605496,0.0002029683945039551,46,1,False
fc4,16,0.26574957327674037,0.06790681847669891,0.20352320577415983,0.7964767942258402,46,20,False
fc4,32,0.11227981778281891,0.06790681847669891,0.37686933884982793,0.6231306611501721,46,20,False
fc4,64,0.06185992850400838,0.06790681847669891,0.5232990735815761,0.4767009264184239,46,20,False
fc4,128,0.02411815811814462,0.06790681847669891,0.7379172588727826,0.2620827411272174,46,20,False
fc4,256,0.008851564489070535,0.06790681847669891,0.8846827649689036,0.11531723503109637,46,20,False
fc4,512,0.0035993335154906156,0.06790681847669891,0.9496640021143389,0.05033599788566112,46,20,False
fc4,900,1.2569697447883033e-05,0.06790681847669891,0.9998149321160601,0.00018506788393990448,46,1,False
fc5,16,0.26437813112557795,0.06437311830608204,0.19581102252042928,0.8041889774795707,47,20,False
fc5,32,0.11174438599954925,0.06437311830608204,0.365512324058204,0.634487675941796,47,20,False
fc5,64,0.061330313373595124,0.06437311830608204,0.5121031100417398,0.4878968899582602,47,20,False
fc5,128,0.024075105582797844,0.06437311830608204,0.7278056638758048,0.2721943361241952,47,20,False
fc5,256,0.00884415470347564,0.06437311830608204,0.8792067180333097,0.12079328196669026,47,20,False
fc5,512,0.0035750450117886445,0.06437311830608204,0.9473857005514028,0.05261429944859719,47,20,False
fc5,900,1.2552990175781618e-05,0.06437311830608204,0.9998050344133553,0.00019496558664466868,47,1,False
fc6,16,0.2614502214153756,0.058556443073703966,0.18298507366149633,0.8170149263385037,47,20,False
fc6,32,0.11193038753245438,0.058556443073703966,0.34346607808655444,0.6565339219134456,47,20,False
fc6,64,0.06096389343861077,0.058556443073703966,0.4899286998549458,0.5100713001450542,47,20,False
fc6,128,0.023906214718808702,0.058556443073703966,0.7100964805311029,0.28990351946889714,47,20,False
fc6,256,0.008753214817837661,0.058556443073703966,0.8699560346608504,0.13004396533914964,47,20,False
fc6,512,0.0035673636097163803,0.058556443073703966,0.9425765451255188,0.057423454874481195,47,20,False
fc6,900,1.2523185151980714e-05,0.058556443073703966,0.9997861805329357,0.00021381946706433563,47,1,False
fz,16,0.26128127356345493,0.06693683464145006,0.20394010253590797,0.796059897464092,46,20,False
fz,32,0.11205604548009357,0.06693683464145006,0.37396367160524574,0.6260363283947543,46,20,False
fz,64,0.06141758169969336,0.06693683464145006,0.5215000507932953,0.4784999492067047,46,20,False
fz,128,0.024176969162423775,0.06693683464145006,0.7346508635018061,0.2653491364981939,46,20,False
fz,256,0.008890721790426421,0.06693683464145006,0.8827507807347866,0.11724921926521337,46,20,False
fz,512,0.0036035910081738316,0.06693683464145006,0.9489145270249296,0.05108547297507038,46,20,False
fz,900,1.2647006828081707e-05,0.06693683464145006,0.9998110962696541,0.0001889037303458574,46,1,False
o1,16,0.2579876595584397,0.06792453389404975,0.2084136011436209,0.7915863988563792,47,20,False
o1,32,0.11044371963305105,0.06792453389404975,0.38081066866380164,0.6191893313361984,47,20,False
o1,64,0.060886217709747184,0.06792453389404975,0.5273203754215774,0.4726796245784226,47,20,False
o1,128,0.023785859058578936,0.06792453389404975,0.7406416187654425,0.25935838123455746,47,20,False
o1,256,0.008757199609214348,0.06792453389404975,0.8857981006801107,0.11420189931988933,47,20,False
o1,512,0.0035154577801023187,0.06792453389404975,0.9507914587093345,0.04920854129066554,47,20,False
o1,900,1.2502455100904517e-05,0.06792453389404975,0.9998159699661221,0.00018403003387790218,47,1,False
o2,16,0.2592060064442238,0.0698989345221857,0.21239102128618606,0.787608978713814,47,20,False
o2,32,0.11029237807527423,0.0698989345221857,0.38791511929510764,0.6120848807048924,47,20,False
o2,64,0.06094152449868751,0.0698989345221857,0.5342302759044478,0.4657697240955522,47,20,False
o2,128,0.023743218046985915,0.0698989345221857,0.7464473274528022,0.2535526725471978,47,20,False
o2,256,0.008728584839441111,0.0698989345221857,0.888988169659833,0.11101183034016704,47,20,False
o2,512,0.0035082571488833825,0.0698989345221857,0.9522082636725355,0.047791736327464474,47,20,False
o2,900,1.2511626703672531e-05,0.0698989345221857,0.9998210360764528,0.00017896392354721513,47,1,False
p3,16,0.2591715809046282,0.06666001266371681,0.20458425143396813,0.7954157485660318,47,20,False
p3,32,0.11056754146257541,0.06666001266371681,0.37612668635157565,0.6238733136484244,47,20,False
p3,64,0.06079849324166224,0.06666001266371681,0.5229938338772226,0.47700616612277735,47,20,False
p3,128,0.023659992784494054,0.06666001266371681,0.7380426111902684,0.26195738880973163,47,20,False
p3,256,0.008698400082427345,0.06666001266371681,0.8845729392983742,0.11542706070162578,47,20,False
p3,512,0.003527336828255692,0.06666001266371681,0.9497439801647002,0.050256019835299814,47,20,False
p3,900,1.2513673640433061e-05,0.06666001266371681,0.9998123113922951,0.00018768860770490559,47,1,False
p4,16,0.2596071006892646,0.0655022695903048,0.2014776428436308,0.7985223571563692,47,20,False
p4,32,0.11040273784982525,0.0655022695903048,0.37237296733919734,0.6276270326608027,47,20,False
p4,64,0.06066590797692959,0.0655022695903048,0.5191663290483766,0.48083367095162344,47,20,False
p4,128,0.023634345164954572,0.0655022695903048,0.7348525605347822,0.2651474394652178,47,20,False
p4,256,0.008699198014621164,0.0655022695903048,0.8827624534202118,0.11723754657978824,47,20,False
p4,512,0.003503219221582062,0.0655022695903048,0.9492327453670817,0.05076725463291831,47,20,False
p4,900,1.2524517441554293e-05,0.0655022695903048,0.9998088291719127,0.0001911708280872837,47,1,False
po3,16,0.2589528191616894,0.06523730128416963,0.20123161432078404,0.7987683856792159,47,20,False
po3,32,0.11038519037829786,0.06523730128416963,0.37146324862279345,0.6285367513772065,47,20,False
po3,64,0.060798980878397434,0.06523730128416963,0.5176073124723223,0.4823926875276777,47,20,False
po3,128,0.02366562863389013,0.06523730128416963,0.7338037266521776,0.26619627334782237,47,20,False
po3,256,0.008724147081500863,0.06523730128416963,0.8820446695639588,0.11795533043604123,47,20,False
po3,512,0.0035208122938548275,0.06523730128416963,0.9487942279006895,0.05120577209931054,47,20,False
po3,900,1.2509772550468566e-05,0.06523730128416963,0.9998082787927219,0.00019172120727806163,47,1,False
po4,16,0.2586259209283561,0.06533539110162702,0.20167652332381011,0.7983234766761899,47,20,False
po4,32,0.10999491033190771,0.06533539110162702,0.372641754262852,0.627358245737148,47,20,False
po4,64,0.06071364948343989,0.06533539110162702,0.5183331090690375,0.4816668909309625,47,20,False
po4,128,0.023809851369751205,0.06533539110162702,0.7329094552926275,0.2670905447073725,47,20,False
po4,256,0.008732176439921809,0.06533539110162702,0.8821052624008014,0.11789473759919855,47,20,False
po4,512,0.0035081874563863283,0.06533539110162702,0.9490411810386928,0.05095881896130716,47,20,False
po4,900,1.252361749983211e-05,0.06533539110162702,0.9998083547492884,0.00019164525071158067,47,1,False
pz,16,0.25929345505728757,0.06794654427490161,0.20763520478414207,0.7923647952158579,46,20,False
pz,32,0.11149364922016147,0.06794654427490161,0.37865844296902756,0.6213415570309724,46,20,False
pz,64,0.06124843205272288,0.06794654427490161,0.5259224948700522,0.47407750512994784,46,20,False
pz,128,0.023806194747358178,0.06794654427490161,0.7405396830542286,0.25946031694577143,46,20,False
pz,256,0.008764628009855226,0.06794654427490161,0.8857450909846566,0.11425490901534341,46,20,False
pz,512,0.0035536216376509614,0.06794654427490161,0.9502991134034964,0.049700886596503624,46,20,False
pz,900,1.2542394149384408e-05,0.06794654427490161,0.9998154419848156,0.0001845580151843551,46,1,False
