method,test_view,balanced_accuracy_mean,balanced_accuracy_std,worst_class_recall_mean,class_0_recall_mean,class_1_recall_mean,class_2_recall_mean,class_3_recall_mean
gated_spectral_control,car,0.5513731762465655,0.008957860556485482,0.43702708084428515,0.5701149425287356,0.5632716049382717,0.4447004608294931,0.6274056966897613
gated_spectral_control,cz,0.5204905334270028,0.013300418188688762,0.3452548687253915,0.5241379310344828,0.5532407407407407,0.3486943164362519,0.6558891454965358
gated_spectral_control,fz,0.5388861059229583,0.012084068831727305,0.4270459976105137,0.5517241379310345,0.5578703703703703,0.4370199692780338,0.6089299461123941
gated_spectral_control,native16@car,0.4473410048891284,0.004024468860443026,0.3153979632474256,0.47739463601532567,0.4552469135802469,0.3725038402457757,0.48421862971516544
gated_spectral_control,native16@cz,0.43643632538044447,0.002220380552328521,0.2739730898333049,0.481992337164751,0.49228395061728397,0.28725038402457753,0.48421862971516555
gated_spectral_control,native16@fz,0.4500583955046311,0.0075820901365785155,0.31541574216305396,0.45670498084291183,0.4575617283950617,0.37634408602150543,0.5096227867590454
gated_spectral_control,native16@pz,0.4439082393434259,0.010480458913464007,0.3000796495420151,0.46590038314176246,0.4490740740740741,0.3348694316436252,0.5257890685142418
gated_spectral_control,native32@car,0.48673792704958174,0.01760615537046011,0.36237696990385165,0.5363984674329502,0.4930555555555556,0.3901689708141321,0.527328714395689
gated_spectral_control,native32@cz,0.4673907290118951,0.011049430393219015,0.3047519485691529,0.5003831417624521,0.5007716049382717,0.31259600614439326,0.5558121632024634
gated_spectral_control,native32@fz,0.4825504363554431,0.017005319896155,0.32860058599305914,0.5203065134099617,0.4992283950617284,0.34792626728110604,0.5627405696689761
gated_spectral_control,native32@pz,0.4758042187781876,0.009591481557507347,0.35084556522728566,0.5111111111111111,0.4830246913580247,0.36789554531490015,0.5411855273287144
gated_spectral_control,pz,0.5369691055943118,0.011981901469431447,0.41012046993229784,0.5540229885057472,0.5625,0.423963133640553,0.6073903002309469
gqba_gated_ce,car,0.5458296962800192,0.009160877215386094,0.435093666684323,0.5540229885057472,0.5956790123456791,0.4439324116743472,0.5896843725943034
gqba_gated_ce,cz,0.5268306053751438,0.014595913479292089,0.3598601620848562,0.5363984674329502,0.5856481481481481,0.37557603686635943,0.6096997690531177
gqba_gated_ce,fz,0.5339231341556304,0.016382759230276957,0.4166746120027544,0.5402298850574713,0.5995370370370371,0.4308755760368663,0.565050038491147
gqba_gated_ce,native16@car,0.44560669011819615,0.011009606072968508,0.3292548500881834,0.4789272030651341,0.4552469135802469,0.37327188940092165,0.4749807544264819
gqba_gated_ce,native16@cz,0.43505762591842173,0.006927187474660518,0.3077494737440974,0.4812260536398467,0.4837962962962963,0.33486943164362515,0.4403387220939184
gqba_gated_ce,native16@fz,0.4394843958553604,0.008460352414958837,0.3184986061330148,0.4482758620689655,0.4583333333333333,0.37480798771121354,0.47652040030792914
gqba_gated_ce,native16@pz,0.44466571949461803,0.0028412993624853627,0.3062098196506799,0.4766283524904214,0.4660493827160494,0.35176651305683565,0.48421862971516544
gqba_gated_ce,native32@car,0.48770021603292485,0.0233316934877363,0.3739225977129203,0.5340996168582376,0.4992283950617284,0.4009216589861751,0.5165511932255581
gqba_gated_ce,native32@cz,0.471791039456766,0.018608169637771652,0.33700290151903056,0.4957854406130268,0.5023148148148148,0.3686635944700461,0.5204003079291762
gqba_gated_ce,native32@fz,0.4710412065188237,0.021782257965118065,0.3293935256300848,0.4950191570881226,0.5162037037037037,0.3494623655913978,0.5234795996920708
gqba_gated_ce,native32@pz,0.4777159366861668,0.024444325641260593,0.36850358422939067,0.5126436781609195,0.48919753086419754,0.3932411674347158,0.5157813702848345
gqba_gated_ce,pz,0.5367984179092193,0.009902046255162264,0.41626486317346534,0.5448275862068965,0.5864197530864198,0.42857142857142855,0.5873749037721324
gqba_odd_even,car,0.539658146421301,0.012317687052843999,0.46121795212907485,0.5340996168582376,0.5756172839506174,0.4861751152073733,0.5627405696689761
gqba_odd_even,cz,0.5218439180889788,0.023658815413852962,0.41275785558321704,0.48965517241379314,0.5825617283950617,0.4362519201228879,0.5789068514241724
gqba_odd_even,fz,0.5296668046951619,0.016405134241065406,0.4365978083105402,0.5172413793103449,0.5733024691358025,0.489247311827957,0.5388760585065434
gqba_odd_even,native16@car,0.4454287682394826,0.019461876008788924,0.3317965616414796,0.4398467432950191,0.45679012345679015,0.4278033794162826,0.45727482678983833
gqba_odd_even,native16@cz,0.43430010940802327,0.01594763042094198,0.3272114080428168,0.43831417624521074,0.48533950617283955,0.4009216589861751,0.41262509622786764
gqba_odd_even,native16@fz,0.4367854401503248,0.012666100835271529,0.32483798439620537,0.40996168582375475,0.44367283950617287,0.4447004608294931,0.4488067744418784
gqba_odd_even,native16@pz,0.4452384417973991,0.009657580925561914,0.3410345108378956,0.421455938697318,0.4421296296296296,0.44623655913978494,0.47113163972286376
gqba_odd_even,native32@car,0.4700305081265001,0.02336005670819369,0.366524047736643,0.4888888888888889,0.49074074074074076,0.4201228878648234,0.4803695150115474
gqba_odd_even,native32@cz,0.46218682460650545,0.0280961062276491,0.35804525413157356,0.4666666666666666,0.5115740740740741,0.4039938556067588,0.46651270207852197
gqba_odd_even,native32@fz,0.4620005402377731,0.023926119883274602,0.3490047289123502,0.4628352490421456,0.5015432098765432,0.39093701996927804,0.4926866820631255
gqba_odd_even,native32@pz,0.46676355064236424,0.021300806103925568,0.3541570915093352,0.4681992337164751,0.478395061728395,0.4408602150537635,0.4795996920708237
gqba_odd_even,pz,0.5281440406140671,0.00961854781115376,0.4265705327440161,0.5149425287356322,0.5871913580246914,0.478494623655914,0.5319476520400308
gsra,car,0.5431586652807671,0.009473876923328642,0.4189646344262585,0.5210727969348659,0.5709876543209876,0.4447004608294931,0.6358737490377213
gsra,cz,0.5212789362902616,0.013503616082505993,0.32915232092095276,0.5057471264367815,0.5547839506172839,0.3548387096774193,0.6697459584295612
gsra,fz,0.5324152528689464,0.018838830231570604,0.4013242226812861,0.5026819923371647,0.5756172839506172,0.4270353302611367,0.6243264049268668
gsra,native16@car,0.44562346537531355,0.008824378863513,0.29237426750867607,0.46513409961685825,0.4405864197530864,0.35714285714285715,0.5196304849884527
gsra,native16@cz,0.434893037844148,0.005564662413952265,0.2778026682596575,0.4628352490421456,0.47608024691358025,0.3156682027649769,0.48498845265588914
gsra,native16@fz,0.437202751736997,0.01731507313388238,0.2954535756955112,0.421455938697318,0.44290123456790126,0.36482334869431643,0.5196304849884527
gsra,native16@pz,0.4458270237084543,0.0050719993185985865,0.2885446890823235,0.464367816091954,0.44753086419753085,0.34639016897081415,0.5250192455735181
gsra,native32@car,0.48483099104268185,0.02199887810441251,0.35163494908118564,0.5088122605363985,0.47685185185185186,0.3986175115207373,0.5550423402617398
gsra,native32@cz,0.46891426967636446,0.023377913249017872,0.32318512829265517,0.4727969348659004,0.4753086419753086,0.37019969278033793,0.5573518090839107
gsra,native32@fz,0.4704796990772994,0.020904305090079574,0.3086455310917677,0.47356321839080456,0.49845679012345684,0.34715821812596004,0.5627405696689761
gsra,native32@pz,0.4796457253745247,0.021345217324232633,0.35467869943676394,0.4957854406130268,0.47222222222222227,0.4009216589861751,0.5496535796766744
gsra,pz,0.5391264031527414,0.004253741192977662,0.4120592545509119,0.5187739463601532,0.5717592592592592,0.4339477726574501,0.632024634334103
joint_multiview_ce,car,0.5500344670692267,0.008875945197580297,0.4420078543225381,0.5670498084291188,0.5871913580246914,0.4600614439324116,0.5858352578906851
joint_multiview_ce,cz,0.5254740802433592,0.013036058544749407,0.3786482334869432,0.5379310344827587,0.5756172839506173,0.3786482334869432,0.6096997690531177
joint_multiview_ce,fz,0.5408240590654242,0.0177732765168954,0.4235569367432587,0.5509578544061302,0.5933641975308642,0.4508448540706606,0.5681293302540416
joint_multiview_ce,native16@car,0.44272577438301947,0.00447850857639817,0.33395559538032654,0.5080459770114942,0.4845679012345679,0.33410138248847926,0.44418783679753654
joint_multiview_ce,native16@cz,0.43507595261494253,0.006166096641829133,0.2980030721966206,0.5011494252873563,0.5185185185185185,0.2980030721966206,0.4226327944572748
joint_multiview_ce,native16@fz,0.4423819421187578,0.024094063739230693,0.3308905103259942,0.46053639846743294,0.4714506172839506,0.34485407066052226,0.4926866820631255
joint_multiview_ce,native16@pz,0.446213466116611,0.010729964320321443,0.3225806451612903,0.49655172413793097,0.4907407407407407,0.3225806451612903,0.47498075442648197
joint_multiview_ce,native32@car,0.48460947853914044,0.021571306533228824,0.37896928867650764,0.550191570881226,0.5146604938271605,0.4039938556067588,0.4695919938414164
joint_multiview_ce,native32@cz,0.47178489268375245,0.01750224743330509,0.3816670933606418,0.5019157088122604,0.51929012345679,0.3840245775729647,0.4819091608929946
joint_multiview_ce,native32@fz,0.47946948145619084,0.023578368578828245,0.3313449197007269,0.5318007662835249,0.5293209876543209,0.3579109062980031,0.49884526558891457
joint_multiview_ce,native32@pz,0.48326354506502067,0.01890655227913897,0.3981776126974667,0.5371647509578544,0.5,0.41321044546851,0.4826789838337182
joint_multiview_ce,pz,0.5429317228525821,0.0032271892886921306,0.4320161201633302,0.5494252873563218,0.5810185185185185,0.4577572964669739,0.5835257890685143
