probe_seed,reference_seed,defense,test_view,subject_id,n_trials,accuracy,balanced_accuracy,macro_f1,macro_auroc_ovr,balanced_accuracy_gap_from_car
7,7,car_canonicalize,car,90,90,0.6555555555555556,0.6590909090909091,0.6453041582073841,0.889281649182592,0.0
7,7,car_canonicalize,car,91,90,0.5555555555555556,0.558300395256917,0.5643766303002609,0.812556607800338,0.0
7,7,car_canonicalize,car,92,114,0.7017543859649122,0.7064814814814814,0.6987041660165392,0.9116972267834337,0.0
7,7,car_canonicalize,car,93,90,0.5888888888888889,0.5904150197628458,0.5892908192436495,0.8503506647187221,0.0
7,7,car_canonicalize,car,94,90,0.6666666666666666,0.6669960474308301,0.6748931623931623,0.8954892041767447,0.0
7,7,car_canonicalize,car,95,90,0.5666666666666667,0.5632411067193676,0.5654235404235404,0.8313974622354399,0.0
7,7,car_canonicalize,car,96,90,0.6888888888888889,0.6919525221155656,0.6963505886056043,0.9156032736625219,0.0
7,7,car_canonicalize,car,97,90,0.4888888888888889,0.4881422924901186,0.49607316044697447,0.8119674312117626,0.0
7,7,car_canonicalize,car,98,90,0.4888888888888889,0.48283690946734426,0.47806423942051085,0.7578977753323815,0.0
7,7,car_canonicalize,car,99,90,0.43333333333333335,0.4316946640316205,0.4232114757783523,0.6619730286466936,0.0
7,7,car_canonicalize,car,100,72,0.6666666666666666,0.6666666666666667,0.6609848484848485,0.8533950617283952,0.0
7,7,car_canonicalize,car,101,90,0.7555555555555555,0.7620341614906831,0.7411186696900982,0.9520957823673784,0.0
7,7,car_canonicalize,car,102,90,0.6555555555555556,0.657608695652174,0.6529959085083308,0.8898354730069716,0.0
7,7,car_canonicalize,car,103,90,0.6,0.6017786561264822,0.5901828610648103,0.8847305772347285,0.0
7,7,car_canonicalize,car,104,87,0.6091954022988506,0.6101072840203274,0.5895278167367929,0.8555728389967521,0.0
7,7,car_canonicalize,car,105,90,0.8111111111111111,0.8075828157349896,0.802859477124183,0.9521566100187937,0.0
7,7,car_canonicalize,car,106,90,0.4111111111111111,0.40428547901373985,0.3775725060608781,0.7214099727555467,0.0
7,7,car_canonicalize,car,107,90,0.4666666666666667,0.4581333521550912,0.43822863610639495,0.6700942650180635,0.0
7,7,car_canonicalize,car,108,90,0.6444444444444445,0.6408102766798418,0.6363848118935328,0.8879141695614001,0.0
7,7,car_canonicalize,car,109,90,0.3111111111111111,0.316699604743083,0.2518068138757794,0.646823066138732,0.0
7,7,car_canonicalize,native32@car,90,90,0.5111111111111111,0.5113636363636364,0.47380382775119617,0.8055818110678877,0.1477272727272727
7,7,car_canonicalize,native32@car,91,90,0.4222222222222222,0.4224308300395257,0.297172619047619,0.7813005349328688,0.1358695652173913
7,7,car_canonicalize,native32@car,92,114,0.5350877192982456,0.5370370370370371,0.5079031752233181,0.8246016541993553,0.1694444444444443
7,7,car_canonicalize,native32@car,93,90,0.5777777777777777,0.5815217391304348,0.49653491955423373,0.8574121082566707,0.008893280632411016
7,7,car_canonicalize,native32@car,94,90,0.5111111111111111,0.508399209486166,0.4705458768873403,0.8158658867948099,0.15859683794466406
7,7,car_canonicalize,native32@car,95,90,0.4666666666666667,0.4629446640316206,0.4070208728652751,0.7631462398539736,0.10029644268774696
7,7,car_canonicalize,native32@car,96,90,0.5666666666666667,0.5696640316205533,0.5191344274005565,0.8647030116837013,0.12228849049501223
7,7,car_canonicalize,native32@car,97,90,0.4888888888888889,0.49061264822134387,0.44690799396681746,0.7602834250625505,-0.002470355731225282
7,7,car_canonicalize,native32@car,98,90,0.4111111111111111,0.40527362130623,0.3744440208412759,0.6933766628984592,0.07756328816111424
7,7,car_canonicalize,native32@car,99,90,0.2777777777777778,0.2774327122153209,0.25597643097643097,0.6063804816166728,0.1542619518162996
7,7,car_canonicalize,native32@car,100,72,0.4722222222222222,0.4722222222222222,0.4004329004329005,0.8009259259259259,0.19444444444444453
7,7,car_canonicalize,native32@car,101,90,0.5333333333333333,0.5439958592132506,0.4558457711442786,0.7727529051165822,0.2180383022774326
7,7,car_canonicalize,native32@car,102,90,0.5444444444444444,0.5464426877470355,0.4837487601240267,0.8354021929991984,0.11116600790513842
7,7,car_canonicalize,native32@car,103,90,0.5,0.5,0.4661925029868578,0.7857649600752342,0.10177865612648218
7,7,car_canonicalize,native32@car,104,87,0.39080459770114945,0.40057406361754183,0.3304316598434246,0.7299830943513008,0.2095332204027856
7,7,car_canonicalize,native32@car,105,90,0.6,0.6011904761904762,0.5273688785859172,0.9254077167954473,0.20639233954451341
7,7,car_canonicalize,native32@car,106,90,0.36666666666666664,0.3747353190287973,0.32153427967381454,0.7058628648547103,0.029550159984942537
7,7,car_canonicalize,native32@car,107,90,0.37777777777777777,0.37627046866177294,0.3183870967741936,0.6279059875774194,0.08186288349331827
7,7,car_canonicalize,native32@car,108,90,0.6222222222222222,0.6175889328063241,0.5315200232635428,0.875613793390638,0.023221343873517708
7,7,car_canonicalize,native32@car,109,90,0.2777777777777778,0.28310276679841895,0.22000418254484616,0.572203357775179,0.03359683794466406
7,7,car_canonicalize,native16@car,90,90,0.4222222222222222,0.4209486166007905,0.2839506172839506,0.7330405415956719,0.23814229249011853
7,7,car_canonicalize,native16@car,91,90,0.4222222222222222,0.42193675889328064,0.28729656419529837,0.7846890865366263,0.13636363636363635
7,7,car_canonicalize,native16@car,92,114,0.39473684210526316,0.3944444444444445,0.2644736842105263,0.693988703399623,0.3120370370370369
7,7,car_canonicalize,native16@car,93,90,0.4222222222222222,0.42292490118577075,0.28504254366323334,0.8039217493675542,0.16749011857707508
7,7,car_canonicalize,native16@car,94,90,0.4444444444444444,0.44367588932806323,0.31158044613194114,0.7555250080682382,0.22332015810276684
7,7,car_canonicalize,native16@car,95,90,0.34444444444444444,0.3458498023715415,0.23343373493975905,0.6568874341961433,0.21739130434782605
7,7,car_canonicalize,native16@car,96,90,0.4444444444444444,0.44466403162055335,0.3068181818181818,0.74628958469904,0.24728849049501223
7,7,car_canonicalize,native16@car,97,90,0.3888888888888889,0.3878458498023715,0.2579540433053469,0.6380709796749802,0.10029644268774707
7,7,car_canonicalize,native16@car,98,90,0.2777777777777778,0.2811264822134387,0.1719589643380557,0.6206908133929835,0.20171042725390553
7,7,car_canonicalize,native16@car,99,90,0.24444444444444444,0.2435770750988142,0.16228070175438597,0.5460633271803206,0.18811758893280628
7,7,car_canonicalize,native16@car,100,72,0.3888888888888889,0.3888888888888889,0.26614481409001955,0.7829218106995885,0.27777777777777785
7,7,car_canonicalize,native16@car,101,90,0.4222222222222222,0.424995294560512,0.31465201465201464,0.7381905328843432,0.33703886693017115
7,7,car_canonicalize,native16@car,102,90,0.32222222222222224,0.3181818181818182,0.20735111662531017,0.7448788376184643,0.33942687747035577
7,7,car_canonicalize,native16@car,103,90,0.36666666666666664,0.3651185770750988,0.24318181818181817,0.6585230959825379,0.23666007905138337
7,7,car_canonicalize,native16@car,104,87,0.3333333333333333,0.34523809523809523,0.22219463753723934,0.6250960957822371,0.2648691887822322
7,7,car_canonicalize,native16@car,105,90,0.4666666666666667,0.46739130434782605,0.32098765432098764,0.8698662314265961,0.3401915113871635
7,7,car_canonicalize,native16@car,106,90,0.34444444444444444,0.35119047619047616,0.2290612057063967,0.6700306608543953,0.05309500282326368
7,7,car_canonicalize,native16@car,107,90,0.2777777777777778,0.28720238095238093,0.18010752688172044,0.5679004256364021,0.17093097120271028
7,7,car_canonicalize,native16@car,108,90,0.43333333333333335,0.4323122529644269,0.29320987654320985,0.7952012201258298,0.20849802371541493
7,7,car_canonicalize,native16@car,109,90,0.35555555555555557,0.35820158102766797,0.2480263157894737,0.5784974511307679,-0.04150197628458496
7,7,car_canonicalize,native8@car,90,90,0.3888888888888889,0.38636363636363635,0.26111111111111107,0.7058013452268996,0.2727272727272727
7,7,car_canonicalize,native8@car,91,90,0.43333333333333335,0.433300395256917,0.29087284005316794,0.7221660963954929,0.125
7,7,car_canonicalize,native8@car,92,114,0.39473684210526316,0.3935185185185185,0.26453732177802625,0.737940537006629,0.3129629629629629
7,7,car_canonicalize,native8@car,93,90,0.4111111111111111,0.4110671936758893,0.29160520186335404,0.7600432214653309,0.17934782608695654
7,7,car_canonicalize,native8@car,94,90,0.37777777777777777,0.37549407114624506,0.25724275724275725,0.7667360636367107,0.291501976284585
7,7,car_canonicalize,native8@car,95,90,0.32222222222222224,0.32460474308300397,0.21803196803196803,0.6394969106455632,0.2386363636363636
7,7,car_canonicalize,native8@car,96,90,0.37777777777777777,0.3804347826086957,0.27129679869777534,0.6984000715648184,0.3115177395068699
7,7,car_canonicalize,native8@car,97,90,0.37777777777777777,0.3769762845849802,0.2513291980505095,0.596656626192451,0.11116600790513836
7,7,car_canonicalize,native8@car,98,90,0.32222222222222224,0.3231225296442688,0.2142857142857143,0.690360999644386,0.15971437982307546
7,7,car_canonicalize,native8@car,99,90,0.2777777777777778,0.27717391304347827,0.18913943856419696,0.5534093322401621,0.15452075098814222
7,7,car_canonicalize,native8@car,100,72,0.3472222222222222,0.3472222222222222,0.22779605263157893,0.7294238683127572,0.31944444444444453
7,7,car_canonicalize,native8@car,101,90,0.34444444444444444,0.3448616600790514,0.23253986076802155,0.6697305143715991,0.41717250141163176
7,7,car_canonicalize,native8@car,102,90,0.36666666666666664,0.36363636363636365,0.24799679487179488,0.7673949697571201,0.2939723320158103
7,7,car_canonicalize,native8@car,103,90,0.37777777777777777,0.37796442687747034,0.2521978021978022,0.6255411358691314,0.22381422924901184
7,7,car_canonicalize,native8@car,104,87,0.3103448275862069,0.3214285714285714,0.20887445887445888,0.6441542869871675,0.28867871259175604
7,7,car_canonicalize,native8@car,105,90,0.4666666666666667,0.46739130434782605,0.3115079365079365,0.8405745822899982,0.3401915113871635
7,7,car_canonicalize,native8@car,106,90,0.32222222222222224,0.33035714285714285,0.2143375241779497,0.6968744331646096,0.073928336156597
7,7,car_canonicalize,native8@car,107,90,0.26666666666666666,0.2738095238095238,0.17882117882117882,0.556114514980869,0.18432382834556743
7,7,car_canonicalize,native8@car,108,90,0.4666666666666667,0.46640316205533594,0.31117957746478875,0.7877726934381799,0.17440711462450587
7,7,car_canonicalize,native8@car,109,90,0.3,0.3018774703557312,0.20186781609195403,0.5450164314442667,0.014822134387351804
7,7,car_canonicalize,native32@cz,90,90,0.5111111111111111,0.5113636363636364,0.47380382775119617,0.8055818110678877,0.1477272727272727
7,7,car_canonicalize,native32@cz,91,90,0.4222222222222222,0.4224308300395257,0.297172619047619,0.7813005349328688,0.1358695652173913
7,7,car_canonicalize,native32@cz,92,114,0.5350877192982456,0.5370370370370371,0.5079031752233181,0.8246016541993553,0.1694444444444443
7,7,car_canonicalize,native32@cz,93,90,0.5777777777777777,0.5815217391304348,0.49653491955423373,0.8574121082566707,0.008893280632411016
7,7,car_canonicalize,native32@cz,94,90,0.5111111111111111,0.508399209486166,0.4705458768873403,0.8158658867948099,0.15859683794466406
7,7,car_canonicalize,native32@cz,95,90,0.4666666666666667,0.4629446640316206,0.4070208728652751,0.7631462398539736,0.10029644268774696
7,7,car_canonicalize,native32@cz,96,90,0.5666666666666667,0.5696640316205533,0.5191344274005565,0.8647030116837013,0.12228849049501223
7,7,car_canonicalize,native32@cz,97,90,0.4888888888888889,0.49061264822134387,0.44690799396681746,0.7602834250625505,-0.002470355731225282
7,7,car_canonicalize,native32@cz,98,90,0.4111111111111111,0.40527362130623,0.3744440208412759,0.6933766628984592,0.07756328816111424
7,7,car_canonicalize,native32@cz,99,90,0.2777777777777778,0.2774327122153209,0.25597643097643097,0.6063804816166728,0.1542619518162996
7,7,car_canonicalize,native32@cz,100,72,0.4722222222222222,0.4722222222222222,0.4004329004329005,0.8009259259259259,0.19444444444444453
7,7,car_canonicalize,native32@cz,101,90,0.5333333333333333,0.5439958592132506,0.4558457711442786,0.7727529051165822,0.2180383022774326
7,7,car_canonicalize,native32@cz,102,90,0.5444444444444444,0.5464426877470355,0.4837487601240267,0.8354021929991984,0.11116600790513842
7,7,car_canonicalize,native32@cz,103,90,0.5,0.5,0.4661925029868578,0.7857649600752342,0.10177865612648218
7,7,car_canonicalize,native32@cz,104,87,0.39080459770114945,0.40057406361754183,0.3304316598434246,0.7299830943513008,0.2095332204027856
7,7,car_canonicalize,native32@cz,105,90,0.6,0.6011904761904762,0.5273688785859172,0.9254077167954473,0.20639233954451341
7,7,car_canonicalize,native32@cz,106,90,0.36666666666666664,0.3747353190287973,0.32153427967381454,0.7058628648547103,0.029550159984942537
7,7,car_canonicalize,native32@cz,107,90,0.37777777777777777,0.37627046866177294,0.3183870967741936,0.6279059875774194,0.08186288349331827
7,7,car_canonicalize,native32@cz,108,90,0.6222222222222222,0.6175889328063241,0.5315200232635428,0.875613793390638,0.023221343873517708
7,7,car_canonicalize,native32@cz,109,90,0.2777777777777778,0.28310276679841895,0.22000418254484616,0.572203357775179,0.03359683794466406
7,7,car_canonicalize,native16@cz,90,90,0.4222222222222222,0.4209486166007905,0.2839506172839506,0.7330405415956719,0.23814229249011853
7,7,car_canonicalize,native16@cz,91,90,0.4222222222222222,0.42193675889328064,0.28729656419529837,0.7846890865366263,0.13636363636363635
7,7,car_canonicalize,native16@cz,92,114,0.39473684210526316,0.3944444444444445,0.2644736842105263,0.693988703399623,0.3120370370370369
7,7,car_canonicalize,native16@cz,93,90,0.4222222222222222,0.42292490118577075,0.28504254366323334,0.8039217493675542,0.16749011857707508
7,7,car_canonicalize,native16@cz,94,90,0.4444444444444444,0.44367588932806323,0.31158044613194114,0.7556872403849156,0.22332015810276684
7,7,car_canonicalize,native16@cz,95,90,0.34444444444444444,0.3458498023715415,0.23343373493975905,0.6568874341961433,0.21739130434782605
7,7,car_canonicalize,native16@cz,96,90,0.4444444444444444,0.44466403162055335,0.3068181818181818,0.74628958469904,0.24728849049501223
7,7,car_canonicalize,native16@cz,97,90,0.3888888888888889,0.3878458498023715,0.2579540433053469,0.6380709796749802,0.10029644268774707
7,7,car_canonicalize,native16@cz,98,90,0.2777777777777778,0.2811264822134387,0.1719589643380557,0.6206908133929835,0.20171042725390553
7,7,car_canonicalize,native16@cz,99,90,0.24444444444444444,0.2435770750988142,0.16228070175438597,0.5460633271803206,0.18811758893280628
7,7,car_canonicalize,native16@cz,100,72,0.3888888888888889,0.3888888888888889,0.26614481409001955,0.7829218106995885,0.27777777777777785
7,7,car_canonicalize,native16@cz,101,90,0.4222222222222222,0.424995294560512,0.31465201465201464,0.7381905328843432,0.33703886693017115
7,7,car_canonicalize,native16@cz,102,90,0.32222222222222224,0.3181818181818182,0.20735111662531017,0.7448788376184643,0.33942687747035577
7,7,car_canonicalize,native16@cz,103,90,0.36666666666666664,0.3651185770750988,0.24318181818181817,0.6585230959825379,0.23666007905138337
7,7,car_canonicalize,native16@cz,104,87,0.3333333333333333,0.34523809523809523,0.22219463753723934,0.6250960957822371,0.2648691887822322
7,7,car_canonicalize,native16@cz,105,90,0.4666666666666667,0.46739130434782605,0.32098765432098764,0.8698662314265961,0.3401915113871635
7,7,car_canonicalize,native16@cz,106,90,0.34444444444444444,0.35119047619047616,0.2290612057063967,0.6700306608543953,0.05309500282326368
7,7,car_canonicalize,native16@cz,107,90,0.2777777777777778,0.28720238095238093,0.18010752688172044,0.5679004256364021,0.17093097120271028
7,7,car_canonicalize,native16@cz,108,90,0.43333333333333335,0.4323122529644269,0.29320987654320985,0.7952012201258298,0.20849802371541493
7,7,car_canonicalize,native16@cz,109,90,0.35555555555555557,0.35820158102766797,0.2480263157894737,0.5784974511307679,-0.04150197628458496
7,7,car_canonicalize,native8@cz,90,90,0.3888888888888889,0.38636363636363635,0.26111111111111107,0.7058013452268996,0.2727272727272727
7,7,car_canonicalize,native8@cz,91,90,0.43333333333333335,0.433300395256917,0.29087284005316794,0.7221660963954929,0.125
7,7,car_canonicalize,native8@cz,92,114,0.39473684210526316,0.3935185185185185,0.26453732177802625,0.737940537006629,0.3129629629629629
7,7,car_canonicalize,native8@cz,93,90,0.4111111111111111,0.4110671936758893,0.29160520186335404,0.7600432214653309,0.17934782608695654
7,7,car_canonicalize,native8@cz,94,90,0.37777777777777777,0.37549407114624506,0.25724275724275725,0.7667360636367107,0.291501976284585
7,7,car_canonicalize,native8@cz,95,90,0.32222222222222224,0.32460474308300397,0.21803196803196803,0.6393346783288857,0.2386363636363636
7,7,car_canonicalize,native8@cz,96,90,0.37777777777777777,0.3804347826086957,0.27129679869777534,0.6984000715648184,0.3115177395068699
7,7,car_canonicalize,native8@cz,97,90,0.37777777777777777,0.3769762845849802,0.2513291980505095,0.596656626192451,0.11116600790513836
7,7,car_canonicalize,native8@cz,98,90,0.32222222222222224,0.3231225296442688,0.2142857142857143,0.690360999644386,0.15971437982307546
7,7,car_canonicalize,native8@cz,99,90,0.2777777777777778,0.27717391304347827,0.18913943856419696,0.5534093322401621,0.15452075098814222
7,7,car_canonicalize,native8@cz,100,72,0.3472222222222222,0.3472222222222222,0.22779605263157893,0.7294238683127572,0.31944444444444453
7,7,car_canonicalize,native8@cz,101,90,0.34444444444444444,0.3448616600790514,0.23253986076802155,0.6697305143715991,0.41717250141163176
7,7,car_canonicalize,native8@cz,102,90,0.36666666666666664,0.36363636363636365,0.24799679487179488,0.7673949697571201,0.2939723320158103
7,7,car_canonicalize,native8@cz,103,90,0.37777777777777777,0.37796442687747034,0.2521978021978022,0.6255411358691314,0.22381422924901184
7,7,car_canonicalize,native8@cz,104,87,0.3103448275862069,0.3214285714285714,0.20887445887445888,0.6441542869871675,0.28867871259175604
7,7,car_canonicalize,native8@cz,105,90,0.4666666666666667,0.46739130434782605,0.3115079365079365,0.8405745822899982,0.3401915113871635
7,7,car_canonicalize,native8@cz,106,90,0.32222222222222224,0.33035714285714285,0.2143375241779497,0.6968744331646096,0.073928336156597
7,7,car_canonicalize,native8@cz,107,90,0.26666666666666666,0.2738095238095238,0.17882117882117882,0.556114514980869,0.18432382834556743
7,7,car_canonicalize,native8@cz,108,90,0.4666666666666667,0.46640316205533594,0.31117957746478875,0.7877726934381799,0.17440711462450587
7,7,car_canonicalize,native8@cz,109,90,0.3,0.3018774703557312,0.20186781609195403,0.5448493191448014,0.014822134387351804
7,7,car_canonicalize,native_drop_left_motor@cz,90,90,0.7222222222222222,0.724802371541502,0.7138893293166323,0.9072333707537643,-0.0657114624505929
7,7,car_canonicalize,native_drop_left_motor@cz,91,90,0.5777777777777777,0.5815217391304347,0.5752443792766373,0.8135483287468724,-0.023221343873517708
7,7,car_canonicalize,native_drop_left_motor@cz,92,114,0.5877192982456141,0.5907407407407407,0.5734455216598073,0.8961575594477894,0.1157407407407407
7,7,car_canonicalize,native_drop_left_motor@cz,93,90,0.6333333333333333,0.6314229249011858,0.6184041700080192,0.8044521492745527,-0.04100790513833996
7,7,car_canonicalize,native_drop_left_motor@cz,94,90,0.6111111111111112,0.6126482213438735,0.6217353338096372,0.8721398963101258,0.05434782608695654
7,7,car_canonicalize,native_drop_left_motor@cz,95,90,0.5555555555555556,0.5568181818181819,0.5502760524499656,0.8401165817043589,0.006422924901185678
7,7,car_canonicalize,native_drop_left_motor@cz,96,90,0.6666666666666666,0.6765304441934876,0.653655395756834,0.9112799221954135,0.015422077922077948
7,7,car_canonicalize,native_drop_left_motor@cz,97,90,0.5666666666666667,0.5657114624505929,0.5850171600171601,0.8021554124865096,-0.0775691699604743
7,7,car_canonicalize,native_drop_left_motor@cz,98,90,0.43333333333333335,0.43211227178618483,0.43579174093879974,0.7446920874764473,0.050724637681159424
7,7,car_canonicalize,native_drop_left_motor@cz,99,90,0.3,0.30173042537172967,0.27657829919626653,0.6617628838499788,0.12996423865989082
7,7,car_canonicalize,native_drop_left_motor@cz,100,72,0.5416666666666666,0.5416666666666666,0.5081071546588788,0.8240740740740741,0.1250000000000001
7,7,car_canonicalize,native_drop_left_motor@cz,101,90,0.7888888888888889,0.7917548936570676,0.7814280626780626,0.9537874348557585,-0.02972073216638449
7,7,car_canonicalize,native_drop_left_motor@cz,102,90,0.6555555555555556,0.6566205533596838,0.6597960992907801,0.8707457394496941,0.0009881422924901129
7,7,car_canonicalize,native_drop_left_motor@cz,103,90,0.6555555555555556,0.6576086956521738,0.6520627433363282,0.887969150700809,-0.055830039525691655
7,7,car_canonicalize,native_drop_left_motor@cz,104,87,0.5747126436781609,0.576369282891022,0.5722049689440993,0.8203134162033618,0.03373800112930547
7,7,car_canonicalize,native_drop_left_motor@cz,105,90,0.7222222222222222,0.7114389233954451,0.6730156228107047,0.9318297543487928,0.09614389233954446
7,7,car_canonicalize,native_drop_left_motor@cz,106,90,0.4666666666666667,0.4625976378693769,0.44032958010790524,0.7017408174112663,-0.058312158855637064
7,7,car_canonicalize,native_drop_left_motor@cz,107,90,0.4111111111111111,0.40724990589121024,0.39823446327683615,0.6673968153717743,0.05088344626388097
7,7,car_canonicalize,native_drop_left_motor@cz,108,90,0.6777777777777778,0.6783596837944664,0.6846988027330283,0.8731839957385821,-0.03754940711462462
7,7,car_canonicalize,native_drop_left_motor@cz,109,90,0.34444444444444444,0.3488142292490119,0.30363329557099167,0.6856564509468469,-0.03211462450592889
7,7,car_canonicalize,native_drop_right_motor@cz,90,90,0.6777777777777778,0.6798418972332015,0.6700270692638276,0.8891340568142778,-0.02075098814229248
7,7,car_canonicalize,native_drop_right_motor@cz,91,90,0.5888888888888889,0.5938735177865613,0.5770350707850708,0.8175590239340382,-0.035573122529644285
7,7,car_canonicalize,native_drop_right_motor@cz,92,114,0.6403508771929824,0.6499999999999999,0.6455355037482152,0.8936036611323968,0.056481481481481466
7,7,car_canonicalize,native_drop_right_motor@cz,93,90,0.45555555555555555,0.4555335968379447,0.43081752652179306,0.8112928007023705,0.13488142292490113
7,7,car_canonicalize,native_drop_right_motor@cz,94,90,0.5333333333333333,0.5360671936758893,0.5203216374269006,0.8673924321660703,0.1309288537549408
7,7,car_canonicalize,native_drop_right_motor@cz,95,90,0.5222222222222223,0.5182806324110671,0.5121080139372822,0.7997840661838448,0.04496047430830041
7,7,car_canonicalize,native_drop_right_motor@cz,96,90,0.6777777777777778,0.678606719367589,0.6848559120617945,0.9114595942107202,0.013345802747976587
7,7,car_canonicalize,native_drop_right_motor@cz,97,90,0.5444444444444444,0.5454545454545455,0.5353580447330447,0.8331614133471217,-0.057312252964426935
7,7,car_canonicalize,native_drop_right_motor@cz,98,90,0.4444444444444444,0.43238283455674764,0.396035956380784,0.7284795306634639,0.050454074910596614
7,7,car_canonicalize,native_drop_right_motor@cz,99,90,0.34444444444444444,0.3434382646339168,0.29761131323631324,0.6505285429315375,0.08825639939770369
7,7,car_canonicalize,native_drop_right_motor@cz,100,72,0.4861111111111111,0.4861111111111111,0.4825721153846153,0.8215020576131686,0.18055555555555564
7,7,car_canonicalize,native_drop_right_motor@cz,101,90,0.7222222222222222,0.7329427818558253,0.7041077441077441,0.9497469485355742,0.02909137963485786
7,7,car_canonicalize,native_drop_right_motor@cz,102,90,0.5777777777777777,0.5805335968379446,0.5755044063079777,0.8491357658926941,0.07707509881422936
7,7,car_canonicalize,native_drop_right_motor@cz,103,90,0.5777777777777777,0.5780632411067194,0.55949670886795,0.8782790231011879,0.02371541501976282
7,7,car_canonicalize,native_drop_right_motor@cz,104,87,0.5977011494252874,0.5955439488048184,0.5832610372084056,0.8333853646353646,0.01456333521550901
7,7,car_canonicalize,native_drop_right_motor@cz,105,90,0.8444444444444444,0.8423501317523057,0.8428398926654741,0.9547435121325977,-0.034767316017316086
7,7,car_canonicalize,native_drop_right_motor@cz,106,90,0.4,0.3918807641633728,0.3861811391223156,0.6943771514613357,0.012404714850367038
7,7,car_canonicalize,native_drop_right_motor@cz,107,90,0.36666666666666664,0.3597896668548842,0.33781653129479217,0.6465894750472899,0.09834368530020698
7,7,car_canonicalize,native_drop_right_motor@cz,108,90,0.5666666666666667,0.5657114624505929,0.5481336159315442,0.8550333877577933,0.07509881422924891
7,7,car_canonicalize,native_drop_right_motor@cz,109,90,0.45555555555555555,0.4550395256916996,0.45376457034426676,0.6920580123678284,-0.13833992094861658
