target_view,montage,held_out_reference,method,n_bias_fit_subjects,n_evaluation_subjects,n_training_views,target_reference_labels_used,target_bias_rmse,car_anchor_balanced_accuracy,max_class_recall_gap_to_car,mean_class_recall_gap_to_car,prediction_disagreement_from_identity,accuracy,balanced_accuracy,macro_f1,macro_auroc_ovr,nll,ece_15,worst_class_recall
native16@C1,native16,c1,identity,10,9,48,False,1.5494716916188656,0.35702208419599724,0.12077294685990347,0.061197377501725346,0.0,0.36330935251798563,0.36345755693581777,0.25540739960493114,0.6636296743133127,2.0218426963047564,0.3717692580421825,0.0
native16@C1,native16,c1,global_mean,10,9,48,False,0.5521952966523828,0.4229296066252588,0.3140096618357488,0.21054175293305727,0.2841726618705036,0.3908872901678657,0.39082125603864737,0.358890000201633,0.6681550339016015,1.5262436851282113,0.2269619259293645,0.10628019323671498
native16@C1,native16,c1,pooled_bias,10,9,48,False,0.5280927066250573,0.4229296066252588,0.2995169082125604,0.19616977225672877,0.30815347721822545,0.38848920863309355,0.38838854382332644,0.3594241518081439,0.6682613612497765,1.5196357405741616,0.2260346045896672,0.1111111111111111
native16@C1,native16,c1,topology_ridge,10,9,48,False,0.1070631946457317,0.4229296066252588,0.1159420289855072,0.05636645962732918,0.4940047961630695,0.4244604316546763,0.42453416149068324,0.4249757439374884,0.6675220856141909,1.41745753536659,0.16541533843303832,0.3904761904761905
native16@C1,native16,c1,logit_ridge,10,9,48,False,0.03139691812993514,0.4229296066252588,0.05714285714285716,0.04192546583850931,0.5503597122302158,0.4172661870503597,0.41723602484472055,0.41840856918792313,0.6676135044663363,1.4221194997455389,0.1645792038633109,0.3961352657004831
native16@C1,native16,c1,combined_ridge,10,9,48,False,0.03784486064195728,0.4229296066252588,0.06280193236714976,0.04313319530710835,0.5455635491606715,0.4184652278177458,0.4184437543133196,0.41970811871474123,0.6675977822287891,1.421525944358385,0.16489194826146214,0.4057971014492754
native16@C1,native16,c1,oracle,10,9,48,True,0.0,0.4229296066252588,0.0579710144927536,0.04796411318150448,0.5575539568345323,0.42326139088729015,0.4232746721877157,0.4242882792789506,0.6676691436953165,1.4221209784130788,0.16201554421538641,0.40096618357487923
native16@C2,native16,c2,identity,10,9,48,False,1.7619179183224116,0.35702208419599724,0.14975845410628014,0.07698412698412697,0.0,0.3597122302158273,0.35912698412698413,0.270881366826623,0.6600048860739649,2.251375184691688,0.41779531789927254,0.004761904761904762
native16@C2,native16,c2,global_mean,10,9,48,False,0.6565377732666352,0.4229296066252588,0.26666666666666666,0.22522429261559693,0.19904076738609114,0.39688249400479614,0.396256038647343,0.36818436313738645,0.666853715427085,1.641819520742216,0.2722724338703546,0.14492753623188406
native16@C2,native16,c2,pooled_bias,10,9,48,False,0.6099397381532646,0.4229296066252588,0.2657004830917874,0.19182194616977224,0.23381294964028776,0.39448441247002397,0.39380607315389926,0.3724293713953003,0.6674736954449483,1.6260241799001658,0.2641310126030564,0.14492753623188406
native16@C2,native16,c2,topology_ridge,10,9,48,False,0.22353178945146793,0.4229296066252588,0.09999999999999998,0.06946169772256726,0.434052757793765,0.4040767386091127,0.40374396135265694,0.40237921954070766,0.6703881972760691,1.4737315687674122,0.2109280968424171,0.3333333333333333
native16@C2,native16,c2,logit_ridge,10,9,48,False,0.03472646354155627,0.4229296066252588,0.0531400966183575,0.02996894409937889,0.5443645083932853,0.39568345323741005,0.395376121463078,0.39367214360787883,0.6705840449225747,1.4795113017333956,0.2201065524801943,0.2898550724637681
native16@C2,native16,c2,combined_ridge,10,9,48,False,0.05580393147522681,0.4229296066252588,0.06666666666666665,0.03350586611456177,0.5323741007194245,0.38968824940047964,0.38942374051069706,0.3880075607628546,0.6706824605494514,1.4742863757756735,0.2230677097265701,0.2946859903381642
native16@C2,native16,c2,oracle,10,9,48,True,0.0,0.4229296066252588,0.0531400966183575,0.04318495514147688,0.5611510791366906,0.39928057553956836,0.39906832298136646,0.3972901181141716,0.6707225844489861,1.480158099315498,0.22280211604986247,0.2898550724637681
native16@C3,native16,c3,identity,10,9,48,False,1.4105002707431944,0.35702208419599724,0.22857142857142854,0.12115251897860593,0.0,0.36330935251798563,0.3638888888888889,0.2660356998861966,0.652549252938984,1.941292117831453,0.3522030280638731,0.004761904761904762
native16@C3,native16,c3,global_mean,10,9,48,False,0.7939424710971453,0.4229296066252588,0.33816425120772947,0.20326086956521738,0.35251798561151076,0.38848920863309355,0.3887508626639062,0.3704539524899924,0.6512938053555903,1.560380611052773,0.21978810713483146,0.16908212560386474
native16@C3,native16,c3,pooled_bias,10,9,48,False,0.8031131824214265,0.4229296066252588,0.323671497584541,0.18773291925465835,0.38609112709832133,0.39688249400479614,0.3970324361628709,0.3799410153579529,0.6509834154213444,1.5624683589220179,0.21059306365975877,0.16908212560386474
native16@C3,native16,c3,topology_ridge,10,9,48,False,0.2799673471434752,0.4229296066252588,0.2095238095238095,0.09090752242926155,0.5239808153477218,0.3920863309352518,0.3924085576259489,0.3916680581322898,0.6512009479365028,1.448007548771049,0.17647199544669023,0.2761904761904762
native16@C3,native16,c3,logit_ridge,10,9,48,False,0.031830353079084814,0.4229296066252588,0.1333333333333333,0.05855762594893027,0.5371702637889688,0.3908872901678657,0.39066597653554175,0.39036375129367723,0.6507836332135531,1.4514153988713996,0.17205185539931175,0.3523809523809524
native16@C3,native16,c3,combined_ridge,10,9,48,False,0.039338489315532923,0.4229296066252588,0.15714285714285714,0.06452726017943408,0.5287769784172662,0.38968824940047964,0.38956176673567977,0.3891051884319975,0.6508059753197053,1.4495876299660337,0.17356860373215685,0.32857142857142857
native16@C3,native16,c3,oracle,10,9,48,True,0.0,0.4229296066252588,0.1333333333333333,0.07543133195307107,0.5167865707434053,0.39568345323741005,0.3954623878536922,0.3947388695023131,0.6510838588534527,1.448846831491448,0.1676237929650564,0.33816425120772947
native16@C4,native16,c4,identity,10,9,48,False,1.6189601808799,0.35702208419599724,0.3816425120772946,0.14315044858523118,0.0,0.3105515587529976,0.30935127674258106,0.21533187890853267,0.6533898352262197,2.3367061820702553,0.4939537794133162,0.004761904761904762
native16@C4,native16,c4,global_mean,10,9,48,False,0.7314083144899495,0.4229296066252588,0.3619047619047619,0.24201173222912353,0.23501199040767387,0.36330935251798563,0.36187025534851625,0.3234921340313283,0.6608924656049943,1.7413357914323246,0.29217979320491483,0.11594202898550725
native16@C4,native16,c4,pooled_bias,10,9,48,False,0.7118769322143973,0.4229296066252588,0.3523809523809524,0.22889924085576258,0.2529976019184652,0.37170263788968827,0.3702208419599724,0.33313065694864674,0.6612366859399184,1.7295589858641383,0.27892048853538903,0.12077294685990338
native16@C4,native16,c4,topology_ridge,10,9,48,False,0.31931166987873266,0.4229296066252588,0.14009661835748793,0.081608005521049,0.5335731414868106,0.3920863309352518,0.3913216011042098,0.38055409663206324,0.665994076559723,1.5243993793475716,0.20572493266780686,0.2028985507246377
native16@C4,native16,c4,logit_ridge,10,9,48,False,0.07277202172426064,0.4229296066252588,0.0483091787439614,0.0312456866804693,0.6127098321342925,0.4088729016786571,0.40859213250517595,0.406536691999582,0.6681475576927521,1.444218876922702,0.18068212624133842,0.2946859903381642
native16@C4,native16,c4,combined_ridge,10,9,48,False,0.0435158324644963,0.4229296066252588,0.06280193236714976,0.03963077984817115,0.60431654676259,0.41007194244604317,0.40973084886128364,0.4065755942775971,0.6680312177916583,1.4497310640975254,0.1799330395228215,0.28019323671497587
native16@C4,native16,c4,oracle,10,9,48,True,0.0,0.4229296066252588,0.05714285714285716,0.03473084886128365,0.5899280575539568,0.4028776978417266,0.40251897860593516,0.4002146623990459,0.6679948038178875,1.4499310916463028,0.18673919042258627,0.2898550724637681
native16@CP1,native16,cp1,identity,10,9,48,False,1.3503822739963656,0.35702208419599724,0.19047619047619047,0.11273291925465839,0.0,0.37410071942446044,0.3745169082125604,0.304806901586626,0.6719066238660061,1.8638417642242853,0.3450513982669072,0.03333333333333333
native16@CP1,native16,cp1,global_mean,10,9,48,False,0.5489292840646137,0.4229296066252588,0.19806763285024148,0.11568322981366458,0.38968824940047964,0.4064748201438849,0.406280193236715,0.397594771821447,0.6732291856111936,1.5721494290633504,0.23998124281475885,0.21739130434782608
native16@CP1,native16,cp1,pooled_bias,10,9,48,False,0.5520158096099593,0.4229296066252588,0.18357487922705312,0.12512077294685992,0.42685851318944845,0.4088729016786571,0.40864389233954457,0.4001773246751129,0.6732441585344904,1.5788922276728223,0.24312802609505133,0.22705314009661837
native16@CP1,native16,cp1,topology_ridge,10,9,48,False,0.18310979510605396,0.4229296066252588,0.07246376811594202,0.06592477570738439,0.5203836930455635,0.4196642685851319,0.41928916494133883,0.41854018400933257,0.6742449522519603,1.4974308278357102,0.22283685068195788,0.33816425120772947
native16@CP1,native16,cp1,logit_ridge,10,9,48,False,0.029938132633750867,0.4229296066252588,0.07246376811594202,0.037215320910973085,0.5167865707434053,0.41247002398081534,0.41200828157349895,0.41169568985231403,0.6747168399127781,1.4891222006077502,0.22207705083568155,0.33816425120772947
native16@CP1,native16,cp1,combined_ridge,10,9,48,False,0.04837090950680349,0.4229296066252588,0.07246376811594202,0.042011732229123536,0.5167865707434053,0.4172661870503597,0.4168046928916494,0.4166060460219255,0.6747207474860508,1.4917905953646164,0.21879020711674968,0.33816425120772947
native16@CP1,native16,cp1,oracle,10,9,48,True,0.0,0.4229296066252588,0.048309178743961345,0.03119392684610077,0.5191846522781774,0.4184652278177458,0.418064182194617,0.41840524905183096,0.6745020245878369,1.48799456717784,0.214166497368719,0.36231884057971014
native16@CP2,native16,cp2,identity,10,9,48,False,1.4930960632266579,0.35702208419599724,0.13043478260869562,0.0721704623878537,0.0,0.3645083932853717,0.3639751552795031,0.27610194573289426,0.6700239417809497,2.0355152520058173,0.3868695683300645,0.004761904761904762
native16@CP2,native16,cp2,global_mean,10,9,48,False,0.3695573160352317,0.4229296066252588,0.21428571428571425,0.14377156659765356,0.302158273381295,0.42326139088729015,0.4225327812284334,0.41046705961960195,0.6777017738437934,1.5206202230454435,0.22226491897578016,0.22705314009661837
native16@CP2,native16,cp2,pooled_bias,10,9,48,False,0.32860001603330025,0.4229296066252588,0.18571428571428567,0.12342995169082123,0.32973621103117506,0.4196642685851319,0.4189268461007591,0.4090924948052546,0.6781682965786227,1.5126573375293901,0.2112110816181064,0.23671497584541062
native16@CP2,native16,cp2,topology_ridge,10,9,48,False,0.07874340377175418,0.4229296066252588,0.0531400966183575,0.03951000690131125,0.4748201438848921,0.4148681055155875,0.4144409937888199,0.41314875150328445,0.6804273651384635,1.4484958639674061,0.19571723508179453,0.3526570048309179
native16@CP2,native16,cp2,logit_ridge,10,9,48,False,0.029235262978859443,0.4229296066252588,0.03809523809523807,0.01789164941338854,0.5167865707434053,0.4244604316546763,0.4240855762594893,0.42268047622670646,0.6809125246839778,1.446746063915667,0.18352996491537743,0.3333333333333333
native16@CP2,native16,cp2,combined_ridge,10,9,48,False,0.042978081308836645,0.4229296066252588,0.04285714285714287,0.022653554175293286,0.5035971223021583,0.42206235011990406,0.4217391304347826,0.42092444942274754,0.6808338261820812,1.443319049627758,0.1860792404702952,0.34782608695652173
native16@CP2,native16,cp2,oracle,10,9,48,True,0.0,0.4229296066252588,0.04285714285714287,0.02506901311249138,0.5107913669064749,0.4196642685851319,0.41932367149758454,0.4179734372848095,0.6808552166961778,1.450072181193899,0.18840458911262756,0.3285024154589372
native16@CP3,native16,cp3,identity,10,9,48,False,1.2773482526845634,0.35702208419599724,0.26190476190476186,0.1378191856452726,0.0,0.36330935251798563,0.36388888888888893,0.27441368077923883,0.6559182237850716,1.8787187468811277,0.3585295191106649,0.0380952380952381
native16@CP3,native16,cp3,global_mean,10,9,48,False,0.7760028942422631,0.4229296066252588,0.36231884057971014,0.21538992408557622,0.42565947242206237,0.3764988009592326,0.376207729468599,0.3352467470724354,0.6552013635466153,1.642362045180997,0.2547615448687667,0.04830917874396135
native16@CP3,native16,cp3,pooled_bias,10,9,48,False,0.7934300607640087,0.4229296066252588,0.36231884057971014,0.2116632160110421,0.4580335731414868,0.37050359712230213,0.3701000690131125,0.33091125329572846,0.6548599153039942,1.6547320833857424,0.26332947833921005,0.04830917874396135
native16@CP3,native16,cp3,topology_ridge,10,9,48,False,0.1972713043821355,0.4229296066252588,0.16425120772946858,0.08783643892339543,0.5359712230215827,0.41247002398081534,0.41197377501725324,0.40797683031627485,0.6605701609920718,1.4327374348831021,0.16332681227197884,0.2463768115942029
native16@CP3,native16,cp3,logit_ridge,10,9,48,False,0.07054651249882951,0.4229296066252588,0.13043478260869562,0.06606280193236713,0.5335731414868106,0.4028776978417266,0.4023464458247067,0.3998447993237067,0.6619076357312914,1.4199220318489572,0.16569220076792618,0.28019323671497587
native16@CP3,native16,cp3,combined_ridge,10,9,48,False,0.06959839457606393,0.4229296066252588,0.13043478260869562,0.06608005521048996,0.5323741007194245,0.4052757793764988,0.4047446514837819,0.4021467072382876,0.6618481624846041,1.4199433411574602,0.16363028998388057,0.28019323671497587
native16@CP3,native16,cp3,oracle,10,9,48,True,0.0,0.4229296066252588,0.09178743961352659,0.043340234644582476,0.5479616306954437,0.41606714628297364,0.41561421670117327,0.4153365321843583,0.661567575783823,1.4174415666095517,0.15674954491411794,0.3188405797101449
native16@CP4,native16,cp4,identity,10,9,48,False,1.51794496435968,0.35702208419599724,0.2705314009661835,0.10831608005521048,0.0,0.33093525179856115,0.33007246376811594,0.24560971277925656,0.6602139501739045,2.160951104227353,0.4342719254726081,0.004761904761904762
native16@CP4,native16,cp4,global_mean,10,9,48,False,0.5230382402579552,0.4229296066252588,0.2714285714285714,0.18188405797101448,0.2865707434052758,0.3776978417266187,0.37675983436853006,0.3567624639510193,0.6683704415075982,1.614683673878988,0.2562794224622292,0.1932367149758454
native16@CP4,native16,cp4,pooled_bias,10,9,48,False,0.49624429145076776,0.4229296066252588,0.2571428571428572,0.17115251897860595,0.31534772182254195,0.381294964028777,0.3803485162180814,0.362632100862997,0.6688741505496368,1.6037093061547447,0.24894722544983308,0.2222222222222222
native16@CP4,native16,cp4,topology_ridge,10,9,48,False,0.13108095154855373,0.4229296066252588,0.13333333333333336,0.06820220841959973,0.4592326139088729,0.42206235011990406,0.4213940648723257,0.4161276812457051,0.6736285624336253,1.4833941903503731,0.18268446759190662,0.3140096618357488
native16@CP4,native16,cp4,logit_ridge,10,9,48,False,0.07178659531571184,0.4229296066252588,0.06666666666666665,0.03716356107660457,0.5539568345323741,0.4172661870503597,0.4170979986197378,0.4160493264660048,0.6753170334835095,1.4583194473745533,0.18011283651149151,0.32367149758454106
native16@CP4,native16,cp4,combined_ridge,10,9,48,False,0.05397000377304028,0.4229296066252588,0.09047619047619049,0.04422015182884749,0.5299760191846523,0.4172661870503597,0.4170807453416149,0.4158427597123611,0.6751409261134662,1.456823243571321,0.18043425813035235,0.3333333333333333
native16@CP4,native16,cp4,oracle,10,9,48,True,0.0,0.4229296066252588,0.06666666666666665,0.040631469979296064,0.5167865707434053,0.420863309352518,0.4205659075224292,0.4189235292298774,0.6748071642951505,1.4634762062241966,0.17710315874845034,0.32367149758454106
native16@CPz,native16,cpz,identity,10,9,48,False,1.4539465199850814,0.35702208419599724,0.09178743961352653,0.044565217391304326,0.0,0.34652278177458035,0.3461697722567288,0.2638690214824965,0.6623586555723283,1.9316597959435406,0.37340355301826356,0.01904761904761905
native16@CPz,native16,cpz,global_mean,10,9,48,False,0.2985267185272707,0.4229296066252588,0.18840579710144928,0.11281918564527259,0.35731414868105515,0.39928057553956836,0.398688750862664,0.38973028592382497,0.6697628290484411,1.5043679999420105,0.22885624511107264,0.2222222222222222
native16@CPz,native16,cpz,pooled_bias,10,9,48,False,0.25413555413013195,0.4229296066252588,0.1932367149758454,0.09018288474810213,0.3932853717026379,0.3980815347721823,0.39744651483781923,0.38938099182481267,0.6701340162295539,1.502400657823949,0.22471161662236347,0.21739130434782608
native16@CPz,native16,cpz,topology_ridge,10,9,48,False,0.11186863988258072,0.4229296066252588,0.05797101449275366,0.03604209799861974,0.5071942446043165,0.39688249400479614,0.3964113181504486,0.3937737657618282,0.671127610629899,1.4825429675762827,0.2118956503658379,0.28502415458937197
native16@CPz,native16,cpz,logit_ridge,10,9,48,False,0.044197581446060355,0.4229296066252588,0.03864734299516909,0.025258799171842664,0.5155875299760192,0.3980815347721823,0.3976708074534161,0.396065828732152,0.671462466521105,1.4700885398164758,0.2099248616558523,0.30917874396135264
native16@CPz,native16,cpz,combined_ridge,10,9,48,False,0.05480288756592637,0.4229296066252588,0.03864734299516909,0.02644927536231885,0.5107913669064749,0.39688249400479614,0.3964803312629399,0.39493828543866416,0.6714008096266391,1.4698620756625158,0.21085869031763083,0.30917874396135264
native16@CPz,native16,cpz,oracle,10,9,48,True,0.0,0.4229296066252588,0.048309178743961345,0.032470669427191165,0.5323741007194245,0.40047961630695444,0.39998274672187717,0.39737807731792085,0.6717246876142756,1.475614154521505,0.208931933630369,0.2995169082125604
native16@Cz,native16,cz,identity,10,9,48,False,1.6202108291262114,0.35702208419599724,0.05314009661835739,0.022912353347135928,0.0,0.3537170263788969,0.35336438923395447,0.2565718593918045,0.6553005186979729,2.138736015940869,0.3954164343834867,0.009523809523809525
native16@Cz,native16,cz,global_mean,10,9,48,False,0.5477529822783749,0.4229296066252588,0.27053140096618356,0.2063492063492063,0.24820143884892087,0.3776978417266187,0.37734644582470667,0.35194584955199065,0.6613567454242512,1.589245306783459,0.25886685626405853,0.14009661835748793
native16@Cz,native16,cz,pooled_bias,10,9,48,False,0.5103478678311644,0.4229296066252588,0.2657004830917874,0.182487922705314,0.28177458033573144,0.3920863309352518,0.39161490683229816,0.3701043119062334,0.6617746763735037,1.5780951762475808,0.24342152633289227,0.14492753623188406
native16@Cz,native16,cz,topology_ridge,10,9,48,False,0.16001823514592098,0.4229296066252588,0.0761904761904762,0.03350586611456176,0.4940047961630695,0.4040767386091127,0.4039164941338854,0.40428453157032906,0.6632401171588814,1.4821873961766328,0.20353991454679257,0.3719806763285024
native16@Cz,native16,cz,logit_ridge,10,9,48,False,0.024206166938865806,0.4229296066252588,0.0714285714285714,0.050293305728088336,0.5599520383693045,0.3920863309352518,0.391959972394755,0.3907799689872451,0.6627945069592667,1.5037747177886571,0.2172300308413835,0.2995169082125604
native16@Cz,native16,cz,combined_ridge,10,9,48,False,0.017291658675559075,0.4229296066252588,0.06190476190476191,0.05029330572808835,0.565947242206235,0.3920863309352518,0.391959972394755,0.3906842479975199,0.6630743534740962,1.500533317195288,0.217574069750765,0.2995169082125604
native16@Cz,native16,cz,oracle,10,9,48,True,0.0,0.4229296066252588,0.09047619047619049,0.057436162870945495,0.5611510791366906,0.38489208633093525,0.3848171152518978,0.3838220966789676,0.6628786898487985,1.5022224501746346,0.22475079664607422,0.2995169082125604
native16@FC1,native16,fc1,identity,10,9,48,False,1.546912003669706,0.35702208419599724,0.05797101449275366,0.03481711525189785,0.0,0.36330935251798563,0.3632677708764665,0.25824255784104627,0.6675972440560541,2.033354520081435,0.368737203065537,0.0
native16@FC1,native16,fc1,global_mean,10,9,48,False,0.5241130110521286,0.4229296066252588,0.2946859903381642,0.22108350586611455,0.2541966426858513,0.38968824940047964,0.38952726017943407,0.35821639602841426,0.6746201673940518,1.4927213995833173,0.2309567050659274,0.11594202898550725
native16@FC1,native16,fc1,pooled_bias,10,9,48,False,0.4979273162989993,0.4229296066252588,0.2995169082125604,0.21038647342995168,0.2841726618705036,0.38609112709832133,0.3859385783298827,0.35602789150184033,0.6750419139721199,1.4823753792022984,0.23116556151821555,0.1111111111111111
native16@FC1,native16,fc1,topology_ridge,10,9,48,False,0.04046529774195759,0.4229296066252588,0.1333333333333333,0.03937198067632848,0.5155875299760192,0.3932853717026379,0.3932194616977226,0.39322434039325915,0.6745157204753887,1.3997498683879521,0.18599386562360268,0.3523809523809524
native16@FC1,native16,fc1,logit_ridge,10,9,48,False,0.01958620066488582,0.4229296066252588,0.1476190476190476,0.04535886818495512,0.5083932853717026,0.38489208633093525,0.3848171152518979,0.3847198889718489,0.6742162073719568,1.4031455392443006,0.19436692381605392,0.3380952380952381
native16@FC1,native16,fc1,combined_ridge,10,9,48,False,0.019632974661046715,0.4229296066252588,0.1476190476190476,0.04775707384403034,0.5059952038369304,0.38489208633093525,0.384799861973775,0.3846057706002227,0.6742545659379183,1.4030019797058921,0.19435024456953973,0.3380952380952381
native16@FC1,native16,fc1,oracle,10,9,48,True,0.0,0.4229296066252588,0.1476190476190476,0.058626639061421654,0.49160671462829736,0.38369304556354916,0.38359213250517604,0.3835422479804462,0.6743367858463684,1.4004803443618141,0.19577709107309973,0.3380952380952381
native16@FC2,native16,fc2,identity,10,9,48,False,2.089566859974682,0.35702208419599724,0.251207729468599,0.10212215320910972,0.0,0.33213429256594723,0.33115942028985507,0.22788165562740806,0.6586014843809467,2.6327443639497874,0.4876873485635308,0.0
native16@FC2,native16,fc2,global_mean,10,9,48,False,1.0064081708973822,0.4229296066252588,0.4380952380952381,0.3205486542443064,0.08992805755395683,0.3513189448441247,0.35051759834368534,0.2727398931816467,0.6639087303704009,1.8627077322078787,0.36778256633929346,0.047619047619047616
native16@FC2,native16,fc2,pooled_bias,10,9,48,False,0.960969889183898,0.4229296066252588,0.4238095238095238,0.3145790200138026,0.09832134292565947,0.35731414868105515,0.35648723257418913,0.28365041781427275,0.664396753952675,1.835712076245564,0.3578140734370345,0.06666666666666667
native16@FC2,native16,fc2,topology_ridge,10,9,48,False,0.4397869166094944,0.4229296066252588,0.2857142857142857,0.1804865424430642,0.3273381294964029,0.37170263788968827,0.3711870255348516,0.3513365434457745,0.672041564461473,1.4826884696009663,0.240692174508796,0.2
native16@FC2,native16,fc2,logit_ridge,10,9,48,False,0.04320511432827733,0.4229296066252588,0.1333333333333333,0.03937198067632851,0.5479616306954437,0.38609112709832133,0.3859730848861284,0.38497629828192365,0.6776764533987074,1.3998367729845054,0.19332424095221018,0.32367149758454106
native16@FC2,native16,fc2,combined_ridge,10,9,48,False,0.059065822235968526,0.4229296066252588,0.11904761904761907,0.047843340234644594,0.5443645083932853,0.3800959232613909,0.37984817115251895,0.37866127714399855,0.6771195554805396,1.4114427694048026,0.20111945267708464,0.2995169082125604
native16@FC2,native16,fc2,oracle,10,9,48,True,0.0,0.4229296066252588,0.12857142857142856,0.044220151828847476,0.5611510791366906,0.38369304556354916,0.38354037267080743,0.3820980029857118,0.6774133405104514,1.4068743218802688,0.1961366161353422,0.30434782608695654
native16@FC3,native16,fc3,identity,10,9,48,False,1.1393102800261115,0.35702208419599724,0.28095238095238095,0.1474810213940649,0.0,0.36330935251798563,0.36402691511387164,0.2849533305348205,0.6684730003236868,1.7051446668110068,0.31909287164720007,0.01904761904761905
native16@FC3,native16,fc3,global_mean,10,9,48,False,0.7739953203345387,0.4229296066252588,0.2608695652173913,0.16711525189786058,0.460431654676259,0.40047961630695444,0.40053485162180813,0.3859028435561147,0.6687535509081562,1.4661111111709546,0.18018502632759192,0.21256038647342995
native16@FC3,native16,fc3,pooled_bias,10,9,48,False,0.8032017594030384,0.4229296066252588,0.24637681159420283,0.17900276052449965,0.4904076738609113,0.39568345323741005,0.3956866804692891,0.379200141933284,0.668630227990926,1.477374993359201,0.18825390333520975,0.2028985507246377
native16@FC3,native16,fc3,topology_ridge,10,9,48,False,0.48011551798334595,0.4229296066252588,0.20952380952380953,0.09579020013802622,0.6882494004796164,0.39448441247002397,0.39477225672877847,0.38993839152102827,0.6679216382555914,1.4527880645021782,0.17857325019910344,0.24285714285714285
native16@FC3,native16,fc3,logit_ridge,10,9,48,False,0.06550047804863578,0.4229296066252588,0.1476190476190476,0.05857487922705312,0.5251798561151079,0.407673860911271,0.40769496204278816,0.40821914921570884,0.6679434698384927,1.3862144225509816,0.15210388433553013,0.3380952380952381
native16@FC3,native16,fc3,combined_ridge,10,9,48,False,0.05979542010486098,0.4229296066252588,0.14285714285714285,0.0561766735679779,0.5215827338129496,0.407673860911271,0.40767770876466525,0.4085296286722539,0.6680909783813102,1.383197200292314,0.1530612237896382,0.34285714285714286
native16@FC3,native16,fc3,oracle,10,9,48,True,0.0,0.4229296066252588,0.17142857142857143,0.0765527950310559,0.486810551558753,0.4064748201438849,0.40652173913043477,0.40610204888112755,0.668276896026467,1.378245739031028,0.1543704447375178,0.3142857142857143
native16@FC4,native16,fc4,identity,10,9,48,False,1.705479527867489,0.35702208419599724,0.2946859903381642,0.11778812974465147,0.0,0.3261390887290168,0.32508626639061416,0.22654379666065655,0.6443254691109381,2.356971456134174,0.4623290456923208,0.0
native16@FC4,native16,fc4,global_mean,10,9,48,False,0.7523084871811088,0.4229296066252588,0.35714285714285715,0.23911318150448588,0.21342925659472423,0.34172661870503596,0.3409592822636301,0.3105873126524922,0.6491574209966658,1.7231906130216588,0.3220044251787476,0.12857142857142856
native16@FC4,native16,fc4,pooled_bias,10,9,48,False,0.7263379629472082,0.4229296066252588,0.3380952380952381,0.23074534161490684,0.22661870503597123,0.34772182254196643,0.3469461697722567,0.31960537708895054,0.6493222837580674,1.70787021282677,0.30958980225440486,0.14761904761904762
native16@FC4,native16,fc4,topology_ridge,10,9,48,False,0.19345645564191447,0.4229296066252588,0.11428571428571427,0.061111111111111116,0.6019184652278178,0.3908872901678657,0.39066597653554175,0.3889572520658617,0.6560740851179925,1.4988830304857712,0.20188810260628196,0.27053140096618356
native16@FC4,native16,fc4,logit_ridge,10,9,48,False,0.058237218101551795,0.4229296066252588,0.1523809523809524,0.0453071083505866,0.5983213429256595,0.38968824940047964,0.3896307798481711,0.39035019074485167,0.6579046951544092,1.4562611284385218,0.19664013966404367,0.3333333333333333
native16@FC4,native16,fc4,combined_ridge,10,9,48,False,0.054659143886969096,0.4229296066252588,0.1380952380952381,0.03811249137336094,0.5983213429256595,0.38968824940047964,0.3895790200138026,0.39031907060392823,0.6578360506135106,1.4591661141089771,0.19693684531633232,0.34299516908212563
native16@FC4,native16,fc4,oracle,10,9,48,True,0.0,0.4229296066252588,0.1476190476190476,0.05486542443064181,0.5779376498800959,0.39688249400479614,0.3967391304347826,0.3968748359457923,0.6576040328114127,1.4593273232773991,0.19403056918920153,0.3380952380952381
native16@Fz,native16,fz,identity,10,9,48,False,1.5732238412369872,0.35702208419599724,0.11111111111111105,0.055314009661835736,0.0,0.354916067146283,0.3543995859213251,0.25952748437058665,0.6702855790598925,1.9307376558392924,0.3708293484044318,0.0
native16@Fz,native16,fz,global_mean,10,9,48,False,0.44154546317124677,0.4229296066252588,0.2523809523809524,0.2059696342305038,0.2709832134292566,0.38489208633093525,0.38435127674258107,0.35953759341976105,0.6761106334761942,1.4031754924625113,0.19784733791288608,0.17391304347826086
native16@Fz,native16,fz,pooled_bias,10,9,48,False,0.3951392177226653,0.4229296066252588,0.23671497584541062,0.18095238095238095,0.3069544364508393,0.3932853717026379,0.39266735679779163,0.37275646017986747,0.6765183265755348,1.394311040025651,0.18672903015495088,0.17391304347826086
native16@Fz,native16,fz,topology_ridge,10,9,48,False,0.2814912618987954,0.4229296066252588,0.24154589371980678,0.15843685300207042,0.7254196642685852,0.38489208633093525,0.3852657004830918,0.3754793385201811,0.6812175266730474,1.4548062798122505,0.18020811899563663,0.2222222222222222
native16@Fz,native16,fz,logit_ridge,10,9,48,False,0.014267004367524629,0.4229296066252588,0.20476190476190476,0.09337474120082817,0.5827338129496403,0.3752997601918465,0.37544858523119395,0.37254238485558616,0.6799047754675616,1.3714439969570653,0.17318216515457563,0.28095238095238095
native16@Fz,native16,fz,combined_ridge,10,9,48,False,0.06889391121810495,0.4229296066252588,0.18095238095238092,0.10665976535541753,0.6127098321342925,0.3764988009592326,0.376656314699793,0.37304106775233536,0.6803804694966022,1.3852870603162561,0.17967488893767875,0.26570048309178745
native16@Fz,native16,fz,oracle,10,9,48,True,0.0,0.4229296066252588,0.19047619047619047,0.07895100069013114,0.5743405275779376,0.37290167865707435,0.3729641131815045,0.3716414047936017,0.6798842308424689,1.3672893163583022,0.17446265084391258,0.2946859903381642
native16@Pz,native16,pz,identity,10,9,48,False,1.2450822120887886,0.35702208419599724,0.2946859903381643,0.13364389233954452,0.0,0.3824940047961631,0.3826259489302967,0.33232486559317104,0.6753393569361819,1.7426922217977203,0.29973842921084637,0.02857142857142857
native16@Pz,native16,pz,global_mean,10,9,48,False,0.054663630345326966,0.4229296066252588,0.033333333333333326,0.01671842650103518,0.381294964028777,0.4304556354916067,0.4301242236024845,0.4300699973457441,0.6808616988465387,1.4681243875835215,0.18401347204335372,0.34782608695652173
native16@Pz,native16,pz,pooled_bias,10,9,48,False,0.058787860842237395,0.4229296066252588,0.01932367149758457,0.010835058661145619,0.4088729016786571,0.42685851318944845,0.4265182884748102,0.4259006720959679,0.6810468166410673,1.473138212665245,0.19030407612715713,0.3285024154589372
native16@Pz,native16,pz,topology_ridge,10,9,48,False,0.1875561066312924,0.4229296066252588,0.1545893719806763,0.08542097998619738,0.4844124700239808,0.4148681055155875,0.4148033126293996,0.4088235288637167,0.6801995310075974,1.5380650653209413,0.20960866299150413,0.2463768115942029
native16@Pz,native16,pz,logit_ridge,10,9,48,False,0.027314413888888733,0.4229296066252588,0.02857142857142858,0.019168391994478964,0.38609112709832133,0.42805755395683454,0.4277087646652864,0.42697141310227826,0.6806078859747339,1.474550222866499,0.18686432566497796,0.3285024154589372
native16@Pz,native16,pz,combined_ridge,10,9,48,False,0.03105333584212829,0.4229296066252588,0.03381642512077293,0.02518978605935128,0.38968824940047964,0.4292565947242206,0.42893374741200824,0.42797541999187455,0.6804721553184081,1.476901236311984,0.18584351424861506,0.32367149758454106
native16@Pz,native16,pz,oracle,10,9,48,True,0.0,0.4229296066252588,0.02898550724637683,0.02041062801932368,0.39688249400479614,0.4316546762589928,0.4312974465148378,0.4302633793909516,0.6806127497703585,1.4782736672960088,0.18500859265191688,0.32367149758454106
native32@C1,native32,c1,identity,10,9,48,False,1.0171721097202495,0.4616459627329193,0.17142857142857149,0.08866459627329193,0.0,0.4520383693045564,0.4526915113871635,0.44193983357102185,0.7326664432535428,1.499477439903494,0.2458090028996433,0.21428571428571427
native32@C1,native32,c1,global_mean,10,9,48,False,0.3120693570998855,0.5127329192546584,0.12857142857142861,0.04534161490683232,0.3872901678657074,0.48201438848920863,0.4818840579710145,0.48139070482645974,0.7338599768948739,1.5169438647955782,0.22725445821300044,0.3333333333333333
native32@C1,native32,c1,pooled_bias,10,9,48,False,0.3592298260315112,0.5127329192546584,0.1380952380952381,0.04171842650103519,0.40167865707434053,0.4784172661870504,0.4782608695652174,0.4774083202251947,0.7337883442252722,1.5359285264788192,0.23384525163678532,0.3238095238095238
native32@C1,native32,c1,topology_ridge,10,9,48,False,0.10075534562530059,0.5127329192546584,0.09047619047619049,0.03341959972394756,0.3776978417266187,0.486810551558753,0.486559696342305,0.4871790871566971,0.7364298906132429,1.459519818932083,0.21682540346044782,0.37142857142857144
native32@C1,native32,c1,logit_ridge,10,9,48,False,0.017798688366332888,0.5127329192546584,0.047619047619047616,0.03711180124223604,0.3393285371702638,0.4904076738609113,0.4901138716356108,0.4916251999632677,0.7366922909650313,1.4388083048027132,0.20738659933059148,0.3864734299516908
native32@C1,native32,c1,combined_ridge,10,9,48,False,0.023252965924435078,0.5127329192546584,0.042857142857142816,0.034730848861283664,0.3333333333333333,0.49280575539568344,0.4924948240165632,0.49395084526989164,0.736728980772173,1.4359318510634849,0.20439557700808994,0.3864734299516908
native32@C1,native32,c1,oracle,10,9,48,True,0.0,0.5127329192546584,0.047619047619047616,0.03471359558316081,0.3441247002398082,0.49280575539568344,0.49251207729468605,0.4942086096166876,0.7367963243320794,1.4394381130909493,0.2055252209582641,0.391304347826087
native32@C2,native32,c2,identity,10,9,48,False,1.3104769178601305,0.4616459627329193,0.12077294685990336,0.058988957902001364,0.0,0.4628297362110312,0.46304347826086956,0.44695896153014253,0.7474063245266049,1.4796446819754583,0.24370596292197788,0.20952380952380953
native32@C2,native32,c2,global_mean,10,9,48,False,0.34185645562402905,0.5127329192546584,0.08212560386473428,0.046928916494133874,0.3597122302158273,0.5071942446043165,0.5068668046928917,0.5085187051929879,0.7501692493719094,1.4153351781276473,0.20363895991820144,0.4251207729468599
native32@C2,native32,c2,pooled_bias,10,9,48,False,0.3331805711324108,0.5127329192546584,0.08212560386473428,0.048119392684610074,0.37290167865707435,0.5059952038369304,0.5056763285024155,0.5074577374744421,0.7500834712791236,1.4288394676644405,0.2063149891682772,0.4251207729468599
native32@C2,native32,c2,topology_ridge,10,9,48,False,0.12087475751439938,0.5127329192546584,0.03864734299516909,0.025224292615596958,0.38848920863309355,0.5,0.49958592132505175,0.5008411283292717,0.7501149707885978,1.4115578370174982,0.21336179156157895,0.43333333333333335
native32@C2,native32,c2,logit_ridge,10,9,48,False,0.03547367385964394,0.5127329192546584,0.04285714285714287,0.021549344375431323,0.39568345323741005,0.49640287769784175,0.49594547964113184,0.4957785424214183,0.7499165350709973,1.4181074412784007,0.2194101010465275,0.41545893719806765
native32@C2,native32,c2,combined_ridge,10,9,48,False,0.04267310508705879,0.5127329192546584,0.04285714285714287,0.022757073844030362,0.39448441247002397,0.4952038369304556,0.4947377501725328,0.49439743327448665,0.7499471520459793,1.418117924278541,0.22070243640044276,0.4106280193236715
native32@C2,native32,c2,oracle,10,9,48,True,0.0,0.5127329192546584,0.047619047619047616,0.021566597653554162,0.39688249400479614,0.4940047961630695,0.49358178053830226,0.49383862168567066,0.7496201755962912,1.4220102254992693,0.22233603550441344,0.4142857142857143
native32@C3,native32,c3,identity,10,9,48,False,1.0515129708556927,0.4616459627329193,0.2904761904761905,0.11958247066942719,0.0,0.41606714628297364,0.41694271911663217,0.4058465095642666,0.722635208940987,1.556588807876622,0.2842311152171357,0.2
native32@C3,native32,c3,global_mean,10,9,48,False,0.8968343620265942,0.5127329192546584,0.2,0.08490338164251209,0.4244604316546763,0.4448441247002398,0.444496204278813,0.43307811607667823,0.7267292001953044,1.6545026721557892,0.2680247335544528,0.2619047619047619
native32@C3,native32,c3,pooled_bias,10,9,48,False,0.9323588307730739,0.5127329192546584,0.21904761904761907,0.10051759834368529,0.44844124700239807,0.4316546762589928,0.4312629399585921,0.41804910093084785,0.7266882028895758,1.6778800939741199,0.28252030209988443,0.24285714285714285
native32@C3,native32,c3,topology_ridge,10,9,48,False,0.3677402462574689,0.5127329192546584,0.11428571428571432,0.058747412008281596,0.381294964028777,0.4616306954436451,0.46119737750172535,0.45596996258768896,0.7308095146124323,1.4802737605759544,0.230766997382736,0.30917874396135264
native32@C3,native32,c3,logit_ridge,10,9,48,False,0.0537075379819195,0.5127329192546584,0.0761904761904762,0.034730848861283636,0.3980815347721823,0.4784172661870504,0.4780020703933747,0.4774423184194826,0.7334755913846303,1.423785417727942,0.20425098094870836,0.38571428571428573
native32@C3,native32,c3,combined_ridge,10,9,48,False,0.09318370112877927,0.5127329192546584,0.0761904761904762,0.045514147688060724,0.38848920863309355,0.4676258992805755,0.4672187715665977,0.46730760498461654,0.7331229122919626,1.4266666667304448,0.2151186323523987,0.3671497584541063
native32@C3,native32,c3,oracle,10,9,48,True,0.0,0.5127329192546584,0.043478260869565244,0.03002070393374741,0.4040767386091127,0.4832134292565947,0.482712215320911,0.48247281399088554,0.7337513510675696,1.4147722052584457,0.20335526868672155,0.3719806763285024
native32@C4,native32,c4,identity,10,9,48,False,1.454042930347294,0.4616459627329193,0.18357487922705312,0.10467563837129054,0.0,0.46522781774580335,0.4650103519668737,0.447515034002933,0.7460729044717889,1.5430723650276947,0.23109524035727957,0.21904761904761905
native32@C4,native32,c4,global_mean,10,9,48,False,0.8185503057767064,0.5127329192546584,0.1642512077294686,0.09139061421670117,0.3776978417266187,0.5011990407673861,0.5005693581780538,0.4972717359916905,0.7488902642721293,1.4688488322513646,0.197468608022062,0.3188405797101449
native32@C4,native32,c4,pooled_bias,10,9,48,False,0.8191723715424815,0.5127329192546584,0.1642512077294686,0.0842305037957212,0.3920863309352518,0.5035971223021583,0.5029330572808833,0.4995936208608236,0.7488095108446939,1.481471807050696,0.19794119806247387,0.3188405797101449
native32@C4,native32,c4,topology_ridge,10,9,48,False,0.3717528816233065,0.5127329192546584,0.1111111111111111,0.039699792960662506,0.4184652278177458,0.49760191846522783,0.4968771566597654,0.4965614046679114,0.7499346752493206,1.4054123754416241,0.20690937505051288,0.3719806763285024
native32@C4,native32,c4,logit_ridge,10,9,48,False,0.052969074735697445,0.5127329192546584,0.053140096618357446,0.0180814354727398,0.43884892086330934,0.5,0.49948240165631475,0.5016768023041461,0.748688881304728,1.395815613668687,0.20615352442516668,0.4251207729468599
native32@C4,native32,c4,combined_ridge,10,9,48,False,0.08755592306966997,0.5127329192546584,0.0579710144927536,0.0180814354727398,0.4364508393285372,0.5023980815347722,0.5018288474810214,0.503482615104114,0.7490607120970394,1.3955456431929565,0.20373351217196206,0.42028985507246375
native32@C4,native32,c4,oracle,10,9,48,True,0.0,0.5127329192546584,0.053140096618357446,0.016873706004140773,0.44004796163069543,0.4988009592326139,0.49824016563147,0.49948216572608534,0.7486399538888098,1.3908217367720608,0.20659476836213223,0.4106280193236715
native32@C5,native32,c5,identity,10,9,49,False,0.9436232400723722,0.4616459627329193,0.2904761904761905,0.14258109040717737,0.0,0.4580335731414868,0.45898895790200134,0.4486059164425892,0.7365492154679798,1.413716930093599,0.2105753654327931,0.2619047619047619
native32@C5,native32,c5,global_mean,10,9,49,False,0.7132767256814395,0.5127329192546584,0.2380952380952381,0.11109385783298825,0.41127098321342925,0.473621103117506,0.47337819185645275,0.4584725525580528,0.734781218548381,1.6120775333570665,0.2373071297096267,0.22380952380952382
native32@C5,native32,c5,pooled_bias,10,9,49,False,0.7511503436635895,0.5127329192546584,0.24761904761904766,0.11582125603864733,0.42805755395683454,0.4712230215827338,0.47092822636300896,0.4543194179617948,0.7344088774974072,1.6389722064191403,0.24602418805774143,0.21428571428571427
native32@C5,native32,c5,topology_ridge,10,9,49,False,0.34313349987246816,0.5127329192546584,0.08571428571428574,0.03581780538302276,0.3129496402877698,0.49640287769784175,0.49603174603174605,0.4977969152312368,0.7390278211967285,1.3500286465709566,0.17482616935926343,0.4251207729468599
native32@C5,native32,c5,logit_ridge,10,9,49,False,0.025766935850044883,0.5127329192546584,0.080952380952381,0.05505521048999311,0.35851318944844124,0.49640287769784175,0.49591097308488613,0.49294001417824684,0.7382042979797556,1.4161638849000158,0.1932572894048477,0.38095238095238093
native32@C5,native32,c5,combined_ridge,10,9,49,False,0.01906801868810055,0.5127329192546584,0.06763285024154586,0.047895100069013125,0.3609112709832134,0.4940047961630695,0.49347826086956526,0.4907905417444865,0.7383301999720765,1.4076778287227254,0.19290327539528024,0.3952380952380952
native32@C5,native32,c5,oracle,10,9,49,True,0.0,0.5127329192546584,0.06666666666666671,0.046670117322291246,0.3609112709832134,0.4952038369304556,0.49466873706004144,0.4920812168848885,0.7383146064567688,1.4119344488840782,0.19436781263286249,0.3952380952380952
native32@C6,native32,c6,identity,10,9,49,False,1.2185287150880104,0.4616459627329193,0.26086956521739124,0.12907177363699102,0.0,0.4844124700239808,0.4844375431331953,0.4690960714603747,0.746026483501455,1.4633719454179814,0.19281174927519315,0.2523809523809524
native32@C6,native32,c6,global_mean,10,9,49,False,0.7951237157522208,0.5127329192546584,0.20289855072463764,0.10250172532781228,0.37889688249400477,0.5143884892086331,0.5137853692201518,0.5080182656672019,0.7449130738318381,1.522273479021409,0.20518215036281365,0.28019323671497587
native32@C6,native32,c6,pooled_bias,10,9,49,False,0.8101508720698921,0.5127329192546584,0.20289855072463764,0.10248447204968941,0.38968824940047964,0.5143884892086331,0.513768115942029,0.5073765970830744,0.7446178544683979,1.5410526122228585,0.20423822027150434,0.28019323671497587
native32@C6,native32,c6,topology_ridge,10,9,49,False,0.19844706219796934,0.5127329192546584,0.09178743961352653,0.06118012422360247,0.46402877697841727,0.4880095923261391,0.48726708074534164,0.4864060081373728,0.7464542843904972,1.4026000229209246,0.21362904130762675,0.37681159420289856
native32@C6,native32,c6,logit_ridge,10,9,49,False,0.076041250378722,0.5127329192546584,0.09661835748792269,0.04444444444444444,0.4028776978417266,0.5023980815347722,0.5016218081435473,0.5009383241774805,0.7477634636530519,1.3582060873106776,0.19287994306613124,0.3864734299516908
native32@C6,native32,c6,combined_ridge,10,9,49,False,0.03276776165095476,0.5127329192546584,0.07729468599033812,0.0372670807453416,0.407673860911271,0.5,0.4992753623188406,0.4991006140954789,0.7477015860918892,1.3551761878961344,0.1926211498228019,0.391304347826087
native32@C6,native32,c6,oracle,10,9,49,True,0.0,0.5127329192546584,0.08212560386473428,0.03008971704623878,0.41007194244604317,0.49760191846522783,0.4969289164941339,0.49704511308971777,0.7475460003277509,1.3530034620692912,0.19019906838483414,0.40096618357487923
native32@CP1,native32,cp1,identity,10,9,48,False,0.9293947685319218,0.4616459627329193,0.24285714285714288,0.12933057280883367,0.0,0.46882494004796166,0.4695479641131815,0.46638129817154456,0.7356326168111065,1.5287538617195295,0.2480952652353472,0.3
native32@CP1,native32,cp1,global_mean,10,9,48,False,0.5160182869414347,0.5127329192546584,0.19523809523809527,0.062077294685990325,0.34292565947242204,0.460431654676259,0.4603174603174603,0.45361936799141006,0.7359939570716173,1.6497990428291303,0.2876140686780348,0.26666666666666666
native32@CP1,native32,cp1,pooled_bias,10,9,48,False,0.5619291632319572,0.5127329192546584,0.2,0.06564872325741893,0.354916067146283,0.4616306954436451,0.46147342995169083,0.4537758126047814,0.735739077644112,1.672837819088453,0.28748387396876585,0.2619047619047619
native32@CP1,native32,cp1,topology_ridge,10,9,48,False,0.1972098610818689,0.5127329192546584,0.13333333333333336,0.04534161490683232,0.3213429256594724,0.4676258992805755,0.46739130434782605,0.4658861498324264,0.7391614396441342,1.5534689074320516,0.27080006293970205,0.32857142857142857
native32@CP1,native32,cp1,logit_ridge,10,9,48,False,0.05026210208174669,0.5127329192546584,0.08571428571428574,0.030986887508626645,0.27817745803357313,0.48201438848920863,0.48174603174603176,0.4813289465881333,0.7403484129492426,1.5094207685632082,0.24679645679828166,0.3761904761904762
native32@CP1,native32,cp1,combined_ridge,10,9,48,False,0.04632737887270293,0.5127329192546584,0.08571428571428574,0.03340234644582471,0.28776978417266186,0.47961630695443647,0.47933057280883373,0.47928293928293925,0.7405522962766956,1.5123860052185254,0.2501168849431685,0.3761904761904762
native32@CP1,native32,cp1,oracle,10,9,48,True,0.0,0.5127329192546584,0.06666666666666671,0.02864044168391995,0.28896882494004794,0.4844124700239808,0.4840924775707385,0.48485537922241,0.7409171899589521,1.5035075915989318,0.2434318953154609,0.3952380952380952
native32@CP2,native32,cp2,identity,10,9,48,False,1.1430039920725694,0.4616459627329193,0.23671497584541057,0.09154589371980675,0.0,0.4880095923261391,0.4884575569358178,0.4723622454297041,0.746020143302752,1.4965887955419652,0.21611145076972924,0.21904761904761905
native32@CP2,native32,cp2,global_mean,10,9,48,False,0.35567528079233696,0.5127329192546584,0.15942028985507245,0.09023464458247064,0.3537170263788969,0.5023980815347722,0.502208419599724,0.5035511150964808,0.7457858223912286,1.5017049195647094,0.22203428462443436,0.37681159420289856
native32@CP2,native32,cp2,pooled_bias,10,9,48,False,0.37792906348265204,0.5127329192546584,0.1449275362318841,0.09140786749482402,0.36330935251798563,0.4940047961630695,0.49378881987577644,0.4939917746868778,0.7455057552097026,1.517694759843387,0.23330025716973732,0.3671497584541063
native32@CP2,native32,cp2,topology_ridge,10,9,48,False,0.10286184822563688,0.5127329192546584,0.06280193236714976,0.033730158730158735,0.3501199040767386,0.5035971223021583,0.5031573498964803,0.5036835283929608,0.7465340028805418,1.4507069646176454,0.21465451599141544,0.42028985507246375
native32@CP2,native32,cp2,logit_ridge,10,9,48,False,0.02300731500665618,0.5127329192546584,0.04347826086956519,0.026483781918564514,0.34172661870503596,0.5059952038369304,0.5055728088336784,0.5067491541717363,0.7465240776417835,1.4358248613093634,0.20867322810001304,0.4396135265700483
native32@CP2,native32,cp2,combined_ridge,10,9,48,False,0.0348615841957153,0.5127329192546584,0.04347826086956519,0.025293305728088328,0.3393285371702638,0.5071942446043165,0.5067632850241546,0.5080352111460145,0.746576563242038,1.435737385734902,0.20745414333697387,0.4396135265700483
native32@CP2,native32,cp2,oracle,10,9,48,True,0.0,0.5127329192546584,0.04347826086956519,0.02524154589371981,0.34292565947242204,0.5,0.4995686680469289,0.500502350856055,0.7464267791069852,1.4381294205564505,0.2151705665803662,0.4396135265700483
native32@CP3,native32,cp3,identity,10,9,48,False,0.9587274504986463,0.4616459627329193,0.29523809523809524,0.15327812284334025,0.0,0.42805755395683454,0.42865769496204276,0.41981916710639217,0.7187134554518708,1.5980637579771093,0.2722152881914327,0.2753623188405797
native32@CP3,native32,cp3,global_mean,10,9,48,False,0.9011460162187673,0.5127329192546584,0.2666666666666667,0.14965493443754316,0.434052757793765,0.41606714628297364,0.415527950310559,0.38623162435077907,0.7202449939828373,1.8088284639257908,0.31915957795187927,0.18840579710144928
native32@CP3,native32,cp3,pooled_bias,10,9,48,False,0.9402842697257964,0.5127329192546584,0.2666666666666667,0.15917874396135268,0.45443645083932854,0.420863309352518,0.42022084195997234,0.3878598068460675,0.7202400612619435,1.8391955628383916,0.3206180403448064,0.178743961352657
native32@CP3,native32,cp3,topology_ridge,10,9,48,False,0.34074330755720145,0.5127329192546584,0.22705314009661837,0.10804002760524503,0.37170263788968827,0.4412470023980815,0.4405797101449275,0.4239098070098716,0.7244459191541572,1.600886143610704,0.274162856322841,0.18840579710144928
native32@CP3,native32,cp3,logit_ridge,10,9,48,False,0.02615720513538695,0.5127329192546584,0.13043478260869568,0.056435472739820566,0.3597122302158273,0.4568345323741007,0.45629744651483783,0.4524485577191452,0.7288960921219216,1.4693641856424777,0.23896878196829258,0.28502415458937197
native32@CP3,native32,cp3,combined_ridge,10,9,48,False,0.020235235191986653,0.5127329192546584,0.1497584541062802,0.061249137336093856,0.354916067146283,0.4520383693045564,0.45148378191856453,0.4459348992036056,0.7285446634738684,1.4760322770718814,0.2430812072419136,0.26570048309178745
native32@CP3,native32,cp3,oracle,10,9,48,True,0.0,0.5127329192546584,0.13526570048309178,0.06000690131124914,0.3537170263788969,0.45323741007194246,0.4527260179434093,0.44819424770688854,0.7286189211246419,1.4705720912471059,0.2401973941620819,0.28019323671497587
native32@CP4,native32,cp4,identity,10,9,48,False,1.280241402842384,0.4616459627329193,0.2753623188405797,0.1086438923395445,0.0,0.4904076738609113,0.49068322981366463,0.47337251085452153,0.7447620985199646,1.5378673693437779,0.20203058774948923,0.22380952380952382
native32@CP4,native32,cp4,global_mean,10,9,48,False,0.6309561369338018,0.5127329192546584,0.2270531400966183,0.11323326432022082,0.35251798561151076,0.513189448441247,0.5130262249827466,0.5114111405797434,0.745877420898874,1.5146906916320046,0.19623413273920948,0.33816425120772947
native32@CP4,native32,cp4,pooled_bias,10,9,48,False,0.6388051992853923,0.5127329192546584,0.21256038647342995,0.10488267770876465,0.36211031175059955,0.5143884892086331,0.5141304347826088,0.511651487072899,0.7456171306392988,1.5283957670370998,0.19703039274156592,0.3285024154589372
native32@CP4,native32,cp4,topology_ridge,10,9,48,False,0.13630755933588234,0.5127329192546584,0.053140096618357446,0.02641476880607313,0.3776978417266187,0.5059952038369304,0.5053657694962043,0.5062082668312978,0.7471768263995094,1.414009700951446,0.19352167636347078,0.4057971014492754
native32@CP4,native32,cp4,logit_ridge,10,9,48,False,0.043661443120073286,0.5127329192546584,0.053140096618357446,0.030072463768115926,0.3908872901678657,0.5,0.49932712215320907,0.49845381929869226,0.7467969230161736,1.4199723381654215,0.2034917887041211,0.38164251207729466
native32@CP4,native32,cp4,combined_ridge,10,9,48,False,0.03898514202224529,0.5127329192546584,0.053140096618357446,0.030072463768115926,0.39448441247002397,0.5,0.49932712215320907,0.4983827943884769,0.746753429451513,1.4188227278523735,0.2032255538537326,0.38164251207729466
native32@CP4,native32,cp4,oracle,10,9,48,True,0.0,0.5127329192546584,0.048309178743961345,0.026466528640441675,0.3920863309352518,0.5011990407673861,0.500552104899931,0.49952997389155107,0.7467479956002553,1.4156804002995473,0.1994668953398735,0.3864734299516908
native32@CP5,native32,cp5,identity,10,9,49,False,0.9127348678596794,0.4616459627329193,0.29523809523809524,0.14829192546583853,0.0,0.4616306954436451,0.4623188405797101,0.45989589913513707,0.7332232127140594,1.428439750583019,0.21182337822651676,0.3476190476190476
native32@CP5,native32,cp5,global_mean,10,9,49,False,0.792782584295363,0.5127329192546584,0.22380952380952385,0.11601104209799863,0.4088729016786571,0.44244604316546765,0.44195997239475504,0.42799149818729554,0.7336811344748987,1.6643586430849837,0.28003983166537627,0.23809523809523808
native32@CP5,native32,cp5,pooled_bias,10,9,49,False,0.8319157979732035,0.5127329192546584,0.23333333333333336,0.12562111801242237,0.42685851318944845,0.4352517985611511,0.43473084886128366,0.4202792496196666,0.7335575127051099,1.694133996386318,0.29289810135772776,0.22857142857142856
native32@CP5,native32,cp5,topology_ridge,10,9,49,False,0.3189044560064977,0.5127329192546584,0.1111111111111111,0.04805037957211872,0.30455635491606714,0.46522781774580335,0.4646825396825397,0.4619242109449462,0.7407784579445049,1.3548966857267273,0.20971877707155348,0.30434782608695654
native32@CP5,native32,cp5,logit_ridge,10,9,49,False,0.027202270791418428,0.5127329192546584,0.11594202898550726,0.07317115251897863,0.34532374100719426,0.46402877697841727,0.4633712905452036,0.4578529325605082,0.7395850531577076,1.4210026813050534,0.23100068916023314,0.2995169082125604
native32@CP5,native32,cp5,combined_ridge,10,9,49,False,0.012599283242825832,0.5127329192546584,0.106280193236715,0.06837474120082816,0.3393285371702638,0.46402877697841727,0.46340579710144925,0.45849254078381024,0.739673088453838,1.414918670159244,0.22925654223282346,0.30917874396135264
native32@CP5,native32,cp5,oracle,10,9,49,True,0.0,0.5127329192546584,0.106280193236715,0.06718426501035198,0.3405275779376499,0.46522781774580335,0.46459627329192543,0.45992228639306937,0.7397255556652009,1.4137895174994084,0.22795791022920417,0.30917874396135264
native32@CP6,native32,cp6,identity,10,9,49,False,1.2887362759612315,0.4616459627329193,0.3091787439613527,0.13864734299516912,0.0,0.47721822541966424,0.4775879917184265,0.4571369818213249,0.7429020663896236,1.5502789484660093,0.22050739488100357,0.19047619047619047
native32@CP6,native32,cp6,global_mean,10,9,49,False,0.6510823082395905,0.5127329192546584,0.26570048309178745,0.13605935127674257,0.3273381294964029,0.5095923261390888,0.5095238095238095,0.5068063701560379,0.7444391352143069,1.5343049932867086,0.20835452754254533,0.3188405797101449
native32@CP6,native32,cp6,pooled_bias,10,9,49,False,0.6574513325372833,0.5127329192546584,0.251207729468599,0.13602484472049686,0.3381294964028777,0.5023980815347722,0.502311939268461,0.4995514285991825,0.7443318011074018,1.547775862063339,0.21442453414561058,0.3140096618357488
native32@CP6,native32,cp6,topology_ridge,10,9,49,False,0.3009440017463226,0.5127329192546584,0.033333333333333326,0.02393029675638371,0.39568345323741005,0.5059952038369304,0.5054692891649414,0.5045458895508864,0.7465579034121654,1.3681923007279309,0.1905288490409121,0.3864734299516908
native32@CP6,native32,cp6,logit_ridge,10,9,49,False,0.03508862420662691,0.5127329192546584,0.07246376811594202,0.04202898550724636,0.4088729016786571,0.5047961630695443,0.5040372670807454,0.5021345786309985,0.7475104224532142,1.3995150615557186,0.19986075086689892,0.3864734299516908
native32@CP6,native32,cp6,combined_ridge,10,9,49,False,0.03364848832361479,0.5127329192546584,0.06280193236714976,0.03604209799861974,0.4136690647482014,0.5035971223021583,0.5028812974465148,0.5013091827752072,0.7474056535305105,1.3941813982417348,0.19847265667577943,0.3864734299516908
native32@CP6,native32,cp6,oracle,10,9,49,True,0.0,0.5127329192546584,0.07246376811594202,0.040838509316770175,0.4088729016786571,0.5035971223021583,0.5028467908902692,0.5010246682273559,0.7474102047149815,1.3939580344938984,0.19943691543185899,0.3864734299516908
native32@CPz,native32,cpz,identity,10,9,48,False,1.0592013539214893,0.4616459627329193,0.23188405797101452,0.10816080055210492,0.0,0.46882494004796166,0.4694271911663216,0.45888842357044196,0.7415941100544934,1.4899085223088473,0.24165939855408652,0.23333333333333334
native32@CPz,native32,cpz,global_mean,10,9,48,False,0.30659513709350844,0.5127329192546584,0.16908212560386476,0.10203588681849551,0.33213429256594723,0.4952038369304556,0.49523809523809526,0.4950688200688201,0.7414452409983018,1.5384976619681474,0.2308630941768444,0.3523809523809524
native32@CPz,native32,cpz,pooled_bias,10,9,48,False,0.3457828028446214,0.5127329192546584,0.15942028985507245,0.0961007591442374,0.3513189448441247,0.49640287769784175,0.4963423050379572,0.49538725114801163,0.7411317893797872,1.5566484138399073,0.2320486126882068,0.3523809523809524
native32@CPz,native32,cpz,topology_ridge,10,9,48,False,0.13276204857079635,0.5127329192546584,0.08695652173913043,0.04810213940648725,0.3129496402877698,0.5083932853717026,0.5081090407177363,0.5092403454529275,0.7432679165588205,1.4724508351239936,0.21560505454679924,0.42857142857142855
native32@CPz,native32,cpz,logit_ridge,10,9,48,False,0.024423874949229242,0.5127329192546584,0.04347826086956519,0.021635610766045532,0.31894484412470026,0.4988009592326139,0.4983436853002071,0.49870423650327955,0.7435557115727309,1.4528814489118673,0.2164401060895526,0.42995169082125606
native32@CPz,native32,cpz,combined_ridge,10,9,48,False,0.04371628396446547,0.5127329192546584,0.04347826086956519,0.025241545893719797,0.3249400479616307,0.5,0.4995686680469289,0.5001416932947897,0.7434907171606256,1.4584250331346782,0.21908938552644233,0.4380952380952381
native32@CPz,native32,cpz,oracle,10,9,48,True,0.0,0.5127329192546584,0.04347826086956519,0.016856452726017934,0.3261390887290168,0.5011990407673861,0.5007073844030366,0.5006756253337218,0.7434778773487298,1.4585752990907443,0.2132213995284905,0.4251207729468599
native32@Cz,native32,cz,identity,10,9,48,False,1.1316835986786413,0.4616459627329193,0.12560386473429952,0.058799171842650114,0.0,0.46522781774580335,0.4656487232574189,0.45084952816879853,0.7433482426760459,1.4539068499179233,0.2267308188296535,0.21904761904761905
native32@Cz,native32,cz,global_mean,10,9,48,False,0.1277709758696313,0.5127329192546584,0.07142857142857145,0.05034506556245687,0.3764988009592326,0.4892086330935252,0.4889579020013803,0.48931112299515644,0.7446637108071605,1.428399113257322,0.21655332871008343,0.3904761904761905
native32@Cz,native32,cz,pooled_bias,10,9,48,False,0.17267110187700968,0.5127329192546584,0.080952380952381,0.04437543133195307,0.3908872901678657,0.4904076738609113,0.4900966183574879,0.489294063828969,0.7443374331353451,1.4442659761560985,0.22261070888387235,0.38095238095238093
native32@Cz,native32,cz,topology_ridge,10,9,48,False,0.09787921502061615,0.5127329192546584,0.05714285714285716,0.028761214630779852,0.37410071942446044,0.486810551558753,0.4863526570048309,0.48482565918565973,0.7447686268409952,1.4225036295212192,0.22237641779523595,0.3961352657004831
native32@Cz,native32,cz,logit_ridge,10,9,48,False,0.016153854984983385,0.5127329192546584,0.03381642512077293,0.018046928916494134,0.35251798561151076,0.4952038369304556,0.49468599033816424,0.4944708587664012,0.745365437252594,1.4058003858054948,0.2120987184595741,0.3961352657004831
native32@Cz,native32,cz,combined_ridge,10,9,48,False,0.027098951130357044,0.5127329192546584,0.03381642512077293,0.018046928916494134,0.354916067146283,0.4952038369304556,0.49468599033816424,0.4942481702585053,0.7452272287262276,1.409955469304025,0.21618512618578756,0.3961352657004831
native32@Cz,native32,cz,oracle,10,9,48,True,0.0,0.5127329192546584,0.03381642512077293,0.015631469979296056,0.35611510791366907,0.49760191846522783,0.4971014492753623,0.4973191041802956,0.7453063685615173,1.407549070181189,0.21347274624943602,0.4057971014492754
native32@F1,native32,f1,identity,10,9,49,False,1.431731176370675,0.4616459627329193,0.1857142857142857,0.09580745341614906,0.0,0.40167865707434053,0.40207039337474126,0.35117597788096966,0.7299974384142005,1.562138511716152,0.28774306931710536,0.05238095238095238
native32@F1,native32,f1,global_mean,10,9,49,False,0.2525341612828289,0.5127329192546584,0.13809523809523805,0.05741890959282263,0.41007194244604317,0.47721822541966424,0.4769496204278813,0.4797095528060531,0.7343351975753292,1.354039770530066,0.18810883510225423,0.3671497584541063
native32@F1,native32,f1,pooled_bias,10,9,49,False,0.2023227502047337,0.5127329192546584,0.12380952380952381,0.05388198757763979,0.42326139088729015,0.473621103117506,0.47334368530020704,0.47555079265966893,0.7343027279526135,1.361791380536393,0.1946045208038322,0.357487922705314
native32@F1,native32,f1,topology_ridge,10,9,49,False,0.0828856501373252,0.5127329192546584,0.106280193236715,0.037301587301587294,0.46882494004796166,0.4784172661870504,0.47781228433402345,0.4781292487323574,0.7354294879573771,1.3816839529420637,0.2072402342038662,0.30917874396135264
native32@F1,native32,f1,logit_ridge,10,9,49,False,0.018894650370159714,0.5127329192546584,0.05714285714285716,0.032211870255348524,0.49760191846522783,0.48081534772182255,0.48052104899930986,0.48395036672051783,0.7350793694186142,1.381131441628555,0.19748119419125768,0.4057971014492754
native32@F1,native32,f1,combined_ridge,10,9,49,False,0.023782091355010006,0.5127329192546584,0.05797101449275366,0.035938578329882676,0.4892086330935252,0.47721822541966424,0.47679434092477574,0.47978266239159995,0.7351995479677116,1.3831686660340232,0.20164987276082114,0.357487922705314
native32@F1,native32,f1,oracle,10,9,49,True,0.0,0.5127329192546584,0.05714285714285716,0.031021394064872324,0.49640287769784175,0.48201438848920863,0.48171152518978605,0.4854173248648197,0.7351968862087569,1.3808281629603423,0.19710634276141878,0.4057971014492754
native32@F2,native32,f2,identity,10,9,49,False,1.8162878061993473,0.4616459627329193,0.21428571428571427,0.10992063492063492,0.0,0.4088729016786571,0.40886818495514143,0.3438211652530458,0.738070496172613,1.7174624891213155,0.31939237794820846,0.023809523809523808
native32@F2,native32,f2,global_mean,10,9,49,False,0.6582266037195874,0.5127329192546584,0.24761904761904763,0.11081780538302279,0.3261390887290168,0.4904076738609113,0.49007936507936506,0.4873873943516801,0.7444828219284741,1.3216466541860823,0.16811824050719684,0.3961352657004831
native32@F2,native32,f2,pooled_bias,10,9,49,False,0.6025279031466348,0.5127329192546584,0.22857142857142854,0.10005175983436852,0.34652278177458035,0.49160671462829736,0.49125258799171845,0.4894411183230026,0.7447844819019018,1.3176263899051932,0.1698299353178407,0.40096618357487923
native32@F2,native32,f2,topology_ridge,10,9,49,False,0.25527764360988037,0.5127329192546584,0.09999999999999998,0.03222912353347136,0.48081534772182255,0.4952038369304556,0.49496204278812983,0.4968709256745818,0.7451210937337939,1.3179351562442958,0.16949788327043225,0.42995169082125606
native32@F2,native32,f2,logit_ridge,10,9,49,False,0.028405379824324763,0.5127329192546584,0.02857142857142858,0.02156659765355419,0.5287769784172662,0.49160671462829736,0.4911663216011042,0.49347608962794465,0.7455433092947394,1.3506485618890711,0.18294917134985506,0.3961352657004831
native32@F2,native32,f2,combined_ridge,10,9,49,False,0.02036124711682178,0.5127329192546584,0.023809523809523836,0.017960662525879925,0.5335731414868106,0.4952038369304556,0.49477225672877845,0.4974470504108993,0.7455086192464626,1.352384473006378,0.17982232692937802,0.4057971014492754
native32@F2,native32,f2,oracle,10,9,49,True,0.0,0.5127329192546584,0.024154589371980673,0.02158385093167703,0.5347721822541966,0.49160671462829736,0.49114906832298133,0.4940135816380396,0.7456869838198499,1.3558797292849907,0.18488129138831955,0.391304347826087
native32@F3,native32,f3,identity,10,9,49,False,1.2859180544516708,0.4616459627329193,0.16666666666666666,0.08481711525189785,0.0,0.4172661870503597,0.4178916494133885,0.37683426047993984,0.7288504237731926,1.5388106858671093,0.2735278406935565,0.07142857142857142
native32@F3,native32,f3,global_mean,10,9,49,False,0.2478489574972954,0.5127329192546584,0.15714285714285714,0.057315389924085594,0.38848920863309355,0.47961630695443647,0.4795721187025535,0.48477303986535675,0.7328291185306344,1.377771990795491,0.19631154254906524,0.4380952380952381
native32@F3,native32,f3,pooled_bias,10,9,49,False,0.24347909107231594,0.5127329192546584,0.12857142857142856,0.052501725327812276,0.4088729016786571,0.47721822541966424,0.4771394064872326,0.4814923595217149,0.7327092020563131,1.3870968824808168,0.19885581528693785,0.4142857142857143
native32@F3,native32,f3,topology_ridge,10,9,49,False,0.256045819952955,0.5127329192546584,0.08095238095238089,0.05505521048999308,0.4064748201438849,0.4988009592326139,0.49815389924085574,0.4989713023214587,0.7358205122542938,1.3631317286372093,0.17969303114655014,0.3526570048309179
native32@F3,native32,f3,logit_ridge,10,9,49,False,0.030583649827938406,0.5127329192546584,0.09047619047619049,0.03585231193926845,0.41007194244604317,0.4844124700239808,0.48402346445824707,0.48769258796389964,0.734387361833014,1.3684692110529557,0.19031578262614707,0.3864734299516908
native32@F3,native32,f3,combined_ridge,10,9,49,False,0.08085541513728942,0.5127329192546584,0.08571428571428574,0.04668737060041407,0.407673860911271,0.48081534772182255,0.4803312629399586,0.48311149844869034,0.7350628339687264,1.3649683213320907,0.19354506775786423,0.36231884057971014
native32@F3,native32,f3,oracle,10,9,49,True,0.0,0.5127329192546584,0.08095238095238089,0.03347135955831605,0.420863309352518,0.486810551558753,0.48640441683919944,0.49049760829264977,0.7345941781224962,1.371866367219971,0.1889134016037729,0.3961352657004831
native32@F4,native32,f4,identity,10,9,49,False,1.8445681575678325,0.4616459627329193,0.19999999999999998,0.10265700483091784,0.0,0.42565947242206237,0.42565562456866807,0.3674083864384927,0.7426022554919867,1.724426971188801,0.30214082430213446,0.0380952380952381
native32@F4,native32,f4,global_mean,10,9,49,False,0.6888092051932783,0.5127329192546584,0.30476190476190473,0.1311076604554865,0.31654676258992803,0.49160671462829736,0.4914596273291925,0.4890653094294197,0.7486073846485746,1.3348180372950147,0.1747174017124765,0.38571428571428573
native32@F4,native32,f4,pooled_bias,10,9,49,False,0.6330739320087405,0.5127329192546584,0.24761904761904763,0.1108350586611456,0.3441247002398082,0.49760191846522783,0.4973429951690821,0.4966838718604975,0.748772284187759,1.330532185934783,0.16905956906382075,0.44285714285714284
native32@F4,native32,f4,topology_ridge,10,9,49,False,0.5495769418650287,0.5127329192546584,0.2,0.09101104209799862,0.46402877697841727,0.49640287769784175,0.49660110420979986,0.49915871717452215,0.7483864639471046,1.3423802271333802,0.1793055540897549,0.44761904761904764
native32@F4,native32,f4,logit_ridge,10,9,49,False,0.03659240020982795,0.5127329192546584,0.05238095238095242,0.03240165631469981,0.5191846522781774,0.49760191846522783,0.49723947550034503,0.5017639604245925,0.7496194916353669,1.3571709378434342,0.1859739929289054,0.4444444444444444
native32@F4,native32,f4,combined_ridge,10,9,49,False,0.1450228701232985,0.5127329192546584,0.07246376811594202,0.04558316080055211,0.5191846522781774,0.5035971223021583,0.5033816425120773,0.5072436049060897,0.7495324538373738,1.3553785609290139,0.1791593859103107,0.4380952380952381
native32@F4,native32,f4,oracle,10,9,49,True,0.0,0.5127329192546584,0.042857142857142816,0.031193926846100742,0.5275779376498801,0.49640287769784175,0.496031746031746,0.5010602547537153,0.7496426796305229,1.3637353587996182,0.18962114528842464,0.4444444444444444
native32@FC1,native32,fc1,identity,10,9,48,False,1.1456784247504497,0.4616459627329193,0.12857142857142856,0.0886128364389234,0.0,0.4448441247002398,0.4454968944099379,0.4156128354469876,0.7446824066210508,1.4458687017502923,0.24311353605002967,0.10952380952380952
native32@FC1,native32,fc1,global_mean,10,9,48,False,0.2564856517831829,0.5127329192546584,0.0761904761904762,0.04297791580400276,0.39568345323741005,0.486810551558753,0.48666321601104207,0.4885942426324512,0.7475485143141036,1.3698930656181707,0.20079477902618528,0.38571428571428573
native32@FC1,native32,fc1,pooled_bias,10,9,48,False,0.2860369787924495,0.5127329192546584,0.080952380952381,0.03938923395445133,0.407673860911271,0.4880095923261391,0.4878364389233954,0.48956449912995637,0.7473891911070115,1.3842315305039217,0.20629282763868778,0.38095238095238093
native32@FC1,native32,fc1,topology_ridge,10,9,48,False,0.11943576657202665,0.5127329192546584,0.04285714285714287,0.02037612146307799,0.4184652278177458,0.5,0.4996031746031746,0.5008288786772029,0.74923775782972,1.3588945625904254,0.19238176916388072,0.41904761904761906
native32@FC1,native32,fc1,logit_ridge,10,9,48,False,0.04039222415789029,0.5127329192546584,0.033333333333333326,0.01677018633540374,0.3776978417266187,0.49640287769784175,0.49596273291925463,0.4972224980264674,0.7495092053837762,1.338096817609944,0.18708898300070642,0.3864734299516908
native32@FC1,native32,fc1,combined_ridge,10,9,48,False,0.049408524030143765,0.5127329192546584,0.02898550724637683,0.015579710144927553,0.3776978417266187,0.49760191846522783,0.4971532091097308,0.4984196136432853,0.7495225784735224,1.3384797742893348,0.18588542555460807,0.3864734299516908
native32@FC1,native32,fc1,oracle,10,9,48,True,0.0,0.5127329192546584,0.03809523809523807,0.017960662525879897,0.37889688249400477,0.49760191846522783,0.4971532091097308,0.49859698064005387,0.7498724854738871,1.3363483764102795,0.18598710499195767,0.391304347826087
native32@FC2,native32,fc2,identity,10,9,48,False,1.4794124074047423,0.4616459627329193,0.1333333333333333,0.0777260179434092,0.0,0.4412470023980815,0.44130434782608696,0.4036976866049591,0.7515936140042261,1.5418832544073018,0.27103185483565173,0.10476190476190476
native32@FC2,native32,fc2,global_mean,10,9,48,False,0.46912009684044526,0.5127329192546584,0.11428571428571432,0.08008971704623878,0.35611510791366907,0.5167865707434053,0.5163561076604555,0.5178268376602418,0.7552770983942322,1.3260928344342557,0.1688017395488634,0.4444444444444444
native32@FC2,native32,fc2,pooled_bias,10,9,48,False,0.44600342143398614,0.5127329192546584,0.09999999999999998,0.07415458937198066,0.36810551558752996,0.5179856115107914,0.5175638371290545,0.5191583646471514,0.7553593550804649,1.3321604614695208,0.16950773197018446,0.4444444444444444
native32@FC2,native32,fc2,topology_ridge,10,9,48,False,0.15310165339050766,0.5127329192546584,0.052380952380952306,0.03831953071083502,0.41127098321342925,0.5179856115107914,0.517512077294686,0.519391008452038,0.7546162542908823,1.3379179002525892,0.1770003578291064,0.4492753623188406
native32@FC2,native32,fc2,logit_ridge,10,9,48,False,0.012999689540159953,0.5127329192546584,0.03864734299516909,0.0323671497584541,0.42565947242206237,0.5167865707434053,0.5163561076604555,0.5193104987069501,0.7534904367498761,1.3481277063399348,0.17893013910538802,0.45410628019323673
native32@FC2,native32,fc2,combined_ridge,10,9,48,False,0.02406803680788172,0.5127329192546584,0.03864734299516909,0.031176673567977917,0.42565947242206237,0.5179856115107914,0.5175465838509317,0.5202874385450607,0.7536020645967729,1.3475553176757447,0.1801992690437578,0.45410628019323673
native32@FC2,native32,fc2,oracle,10,9,48,True,0.0,0.5127329192546584,0.04347826086956519,0.03238440303657693,0.42565947242206237,0.5167865707434053,0.5163733609385783,0.5192027880653882,0.7533346901160116,1.3499189363107167,0.18061287550779306,0.45893719806763283
native32@FC3,native32,fc3,identity,10,9,48,False,1.1223249174635663,0.4616459627329193,0.2285714285714286,0.131832298136646,0.0,0.4520383693045564,0.45300207039337476,0.43800874508540555,0.7373049612001271,1.4546486149128455,0.2571526890516626,0.18571428571428572
native32@FC3,native32,fc3,global_mean,10,9,48,False,0.5948607689264908,0.5127329192546584,0.1523809523809524,0.059730848861283645,0.39568345323741005,0.47721822541966424,0.47715665976535543,0.4741715670160829,0.7409238559982267,1.4701759524685496,0.21695844594225777,0.30952380952380953
native32@FC3,native32,fc3,pooled_bias,10,9,48,False,0.6230998117889723,0.5127329192546584,0.15714285714285714,0.058540372670807445,0.4088729016786571,0.47601918465227816,0.47593167701863354,0.4727144471034983,0.7407192417454145,1.488347265348735,0.2197642665661065,0.3047619047619048
native32@FC3,native32,fc3,topology_ridge,10,9,48,False,0.11195158193895918,0.5127329192546584,0.080952380952381,0.03949275362318842,0.3932853717026379,0.4856115107913669,0.4853174603174603,0.4860439640104505,0.7454402968418986,1.3707209023070033,0.20475698415794868,0.38095238095238093
native32@FC3,native32,fc3,logit_ridge,10,9,48,False,0.0628894008216998,0.5127329192546584,0.0761904761904762,0.04073498964803311,0.40167865707434053,0.4844124700239808,0.48407522429261557,0.4849923045664977,0.7459305224608428,1.3675125409247577,0.20436004772208685,0.38571428571428573
native32@FC3,native32,fc3,combined_ridge,10,9,48,False,0.06133123288095051,0.5127329192546584,0.0761904761904762,0.03712905452035886,0.4040767386091127,0.4832134292565947,0.48285024154589373,0.48363160034174923,0.7459672674346588,1.3679830517562406,0.20326531078257656,0.38571428571428573
native32@FC3,native32,fc3,oracle,10,9,48,True,0.0,0.5127329192546584,0.06666666666666671,0.03828502415458937,0.39448441247002397,0.47961630695443647,0.4792788129744652,0.48055545892027407,0.7463033048452098,1.356193978164041,0.20396465613917336,0.3952380952380952
native32@FC4,native32,fc4,identity,10,9,48,False,1.5560079192843965,0.4616459627329193,0.15458937198067635,0.11518288474810212,0.0,0.4304556354916067,0.4304865424430642,0.3999221123529946,0.7435672644268182,1.6126476697859817,0.3042142460199625,0.1
native32@FC4,native32,fc4,global_mean,10,9,48,False,0.7381574067067701,0.5127329192546584,0.1333333333333333,0.10543478260869563,0.3609112709832134,0.5107913669064749,0.5101966873706004,0.5090278304607952,0.748481344408833,1.4128411469987376,0.18024465421078298,0.3671497584541063
native32@FC4,native32,fc4,pooled_bias,10,9,48,False,0.7272205369188024,0.5127329192546584,0.1333333333333333,0.09946514837819183,0.3752997601918465,0.511990407673861,0.511335403726708,0.5101909382615992,0.748469750411255,1.4200100627188312,0.18105387332394907,0.36231884057971014
native32@FC4,native32,fc4,topology_ridge,10,9,48,False,0.1716055945551879,0.5127329192546584,0.06280193236714976,0.04087301587301585,0.4448441247002398,0.5203836930455635,0.5198240165631469,0.5215762239097532,0.7494784876006271,1.3731779612611539,0.1772765344825894,0.42028985507246375
native32@FC4,native32,fc4,logit_ridge,10,9,48,False,0.02118139366451778,0.5127329192546584,0.048309178743961345,0.02772601794340923,0.460431654676259,0.5167865707434053,0.5163043478260869,0.5181332439524184,0.7493696041965493,1.3677230746616342,0.17914319504735038,0.43478260869565216
native32@FC4,native32,fc4,combined_ridge,10,9,48,False,0.031337360765586006,0.5127329192546584,0.048309178743961345,0.02772601794340923,0.460431654676259,0.5167865707434053,0.5163043478260869,0.5181332439524184,0.7493794191019592,1.368405346350159,0.1794295374168439,0.43478260869565216
native32@FC4,native32,fc4,oracle,10,9,48,True,0.0,0.5127329192546584,0.04347826086956519,0.025310559006211153,0.4592326139088729,0.5167865707434053,0.5163043478260869,0.517986533136288,0.7493557162178444,1.3668532545704444,0.1786947833053688,0.4396135265700483
native32@FC5,native32,fc5,identity,10,9,49,False,0.7807964311434947,0.4616459627329193,0.33333333333333337,0.15812629399585923,0.0,0.44004796163069543,0.44120082815734984,0.4263529160059403,0.7242473131739435,1.4410349110147245,0.2239339135193913,0.21428571428571427
native32@FC5,native32,fc5,global_mean,10,9,49,False,0.845368482727336,0.5127329192546584,0.34761904761904766,0.15327812284334025,0.41127098321342925,0.44364508393285373,0.44389233954451346,0.4118100147249348,0.7291848895288541,1.607759191652838,0.24080475688086928,0.11428571428571428
native32@FC5,native32,fc5,pooled_bias,10,9,49,False,0.8925665965561489,0.5127329192546584,0.3523809523809524,0.16164596273291926,0.42805755395683454,0.44004796163069543,0.44021739130434784,0.4063114681841876,0.7294167143137394,1.6341496940252216,0.24849439720229022,0.10952380952380952
native32@FC5,native32,fc5,topology_ridge,10,9,49,False,0.3506660251370273,0.5127329192546584,0.12077294685990336,0.0937025534851622,0.37889688249400477,0.47721822541966424,0.4770013802622498,0.4707997959425909,0.736873699495267,1.3648724283017053,0.16183184398471862,0.34285714285714286
native32@FC5,native32,fc5,logit_ridge,10,9,49,False,0.07950890084368493,0.5127329192546584,0.09999999999999998,0.05020703933747411,0.31654676258992803,0.486810551558753,0.4866804692891649,0.48605998517638926,0.7350077325155987,1.3103872213416028,0.14547603253365152,0.41904761904761906
native32@FC5,native32,fc5,combined_ridge,10,9,49,False,0.1012483369282537,0.5127329192546584,0.09047619047619049,0.035800552104899935,0.33213429256594723,0.4844124700239808,0.48417874396135263,0.48316104233471324,0.7355730432854289,1.3099071234356297,0.14213733346054053,0.42995169082125606
native32@FC5,native32,fc5,oracle,10,9,49,True,0.0,0.5127329192546584,0.09523809523809529,0.05020703933747411,0.34292565947242204,0.48201438848920863,0.4818495514147688,0.47878957499532726,0.7353167341546918,1.3209791170977925,0.15472524078888256,0.36666666666666664
native32@FC6,native32,fc6,identity,10,9,49,False,1.2167136945801802,0.4616459627329193,0.2608695652173913,0.14173567977915802,0.0,0.4304556354916067,0.43008971704623883,0.4018998817382042,0.7394207514559346,1.5608130615972788,0.26180015054829675,0.1523809523809524
native32@FC6,native32,fc6,global_mean,10,9,49,False,0.9195724207969783,0.5127329192546584,0.27053140096618356,0.09986197377501724,0.4412470023980815,0.4784172661870504,0.47732919254658385,0.46389436555755165,0.7420866442069246,1.5150919372865699,0.21160313422148327,0.21256038647342995
native32@FC6,native32,fc6,pooled_bias,10,9,49,False,0.9379083112783747,0.5127329192546584,0.27053140096618356,0.10105244996549342,0.4628297362110312,0.47961630695443647,0.47851966873706003,0.464751509831859,0.7420493659552584,1.5314873070900383,0.21502271195568634,0.21256038647342995
native32@FC6,native32,fc6,topology_ridge,10,9,49,False,0.57945000043967,0.5127329192546584,0.17391304347826086,0.101984126984127,0.5695443645083933,0.48081534772182255,0.4797964113181505,0.4748014524060719,0.7444739128413328,1.4614793419115493,0.23728568874794315,0.30917874396135264
native32@FC6,native32,fc6,logit_ridge,10,9,49,False,0.09708853553024233,0.5127329192546584,0.12857142857142856,0.08015873015873014,0.4028776978417266,0.49760191846522783,0.49685990338164254,0.49571566021362723,0.7469150606629154,1.3048782418610922,0.1608759036803351,0.38164251207729466
native32@FC6,native32,fc6,combined_ridge,10,9,49,False,0.03567379490850278,0.5127329192546584,0.10476190476190472,0.06708074534161487,0.4292565947242206,0.4988009592326139,0.4980331262939959,0.4967907818433572,0.7471145904534063,1.3051658035690143,0.16689707985097815,0.37681159420289856
native32@FC6,native32,fc6,oracle,10,9,49,True,0.0,0.5127329192546584,0.09999999999999998,0.059817115251897854,0.42805755395683454,0.5035971223021583,0.5029158040027606,0.5029978925333325,0.7469977080138693,1.3003966312297246,0.15642367480016656,0.4057971014492754
native32@Fz,native32,fz,identity,10,9,48,False,1.6123502263582905,0.4616459627329193,0.19047619047619047,0.0993271221532091,0.0,0.41247002398081534,0.41259489302967567,0.3532932484954343,0.736275826232205,1.6255485895418862,0.2921753095147652,0.047619047619047616
native32@Fz,native32,fz,global_mean,10,9,48,False,0.43805094622254065,0.5127329192546584,0.16666666666666663,0.09213250517598344,0.3669064748201439,0.4712230215827338,0.47080745341614905,0.4683909097638252,0.7406484958437188,1.3296308995709516,0.18788088526512992,0.3140096618357488
native32@Fz,native32,fz,pooled_bias,10,9,48,False,0.3824229680112931,0.5127329192546584,0.14761904761904765,0.08495514147688063,0.38609112709832133,0.47601918465227816,0.4755693581780538,0.47369758270880397,0.7406698863578155,1.332727803043515,0.18493386817929264,0.3188405797101449
native32@Fz,native32,fz,topology_ridge,10,9,48,False,0.17142168008362194,0.5127329192546584,0.14009661835748793,0.0517080745341615,0.4856115107913669,0.46402877697841727,0.46344030365769495,0.46029477343701436,0.7403324881693016,1.3778570707274995,0.212314879288539,0.2753623188405797
native32@Fz,native32,fz,logit_ridge,10,9,48,False,0.017466387061759854,0.5127329192546584,0.07142857142857145,0.038233264320220825,0.526378896882494,0.47961630695443647,0.47933057280883373,0.4814011110780571,0.7398257495904808,1.3750674740675666,0.2006118227039335,0.3904761904761905
native32@Fz,native32,fz,combined_ridge,10,9,48,False,0.030998209944648882,0.5127329192546584,0.07142857142857145,0.03348861283643893,0.5311750599520384,0.47961630695443647,0.47924430641821947,0.48032073490804805,0.7400896394424713,1.3805059751857642,0.1974945775523051,0.3904761904761905
native32@Fz,native32,fz,oracle,10,9,48,True,0.0,0.5127329192546584,0.07142857142857145,0.03343685300207039,0.5299760191846523,0.47961630695443647,0.479296066252588,0.4812413652690698,0.7398181367217409,1.3788642288489483,0.19935502781515468,0.3904761904761905
native32@O1,native32,o1,identity,10,9,49,False,0.9535064947861497,0.4616459627329193,0.26086956521739124,0.1285541752933057,0.0,0.4628297362110312,0.4635265700483092,0.4508121362534093,0.7296958392960968,1.5019049333635242,0.2319582198234778,0.22857142857142856
native32@O1,native32,o1,global_mean,10,9,49,False,0.3570926073108947,0.5127329192546584,0.1545893719806763,0.10201863354037265,0.3489208633093525,0.4880095923261391,0.4880089717046239,0.4847659798777498,0.7311129641292685,1.555929388438042,0.22264033473089562,0.32857142857142857
native32@O1,native32,o1,pooled_bias,10,9,49,False,0.40774181851623015,0.5127329192546584,0.14975845410628014,0.100879917184265,0.3657074340527578,0.486810551558753,0.4867322291235334,0.4828183032581028,0.7309120183941408,1.5751946282588503,0.22754447538177017,0.32857142857142857
native32@O1,native32,o1,topology_ridge,10,9,49,False,0.24327132385775685,0.5127329192546584,0.07729468599033812,0.04792960662525879,0.3824940047961631,0.4844124700239808,0.48385093167701865,0.482932599468452,0.7319359450723866,1.5210790047331266,0.23113613697212249,0.3952380952380952
native32@O1,native32,o1,logit_ridge,10,9,49,False,0.011722894824890726,0.5127329192546584,0.033333333333333326,0.02272256728778467,0.3129496402877698,0.49280575539568344,0.4924258109040718,0.49291991675882685,0.7324021275465784,1.4588793232501875,0.2063787492579884,0.42028985507246375
native32@O1,native32,o1,combined_ridge,10,9,49,False,0.01554744600091765,0.5127329192546584,0.033333333333333326,0.02513802622498275,0.3117505995203837,0.4952038369304556,0.49484126984126986,0.49563264265305346,0.7324103288598425,1.4606674251213532,0.20672387414048454,0.42995169082125606
native32@O1,native32,o1,oracle,10,9,49,True,0.0,0.5127329192546584,0.033333333333333326,0.026345755693581774,0.30935251798561153,0.49640287769784175,0.49604899930986884,0.49672131700957356,0.7323672536093876,1.4595872187374268,0.20517481409184973,0.43333333333333335
native32@O2,native32,o2,identity,10,9,49,False,1.187344774283313,0.4616459627329193,0.3961352657004831,0.18643892339544516,0.0,0.4724220623501199,0.47327467218771563,0.4440780357287562,0.7413097364327341,1.609832096978424,0.23808307946935958,0.1380952380952381
native32@O2,native32,o2,global_mean,10,9,49,False,0.45500492002749077,0.5127329192546584,0.33816425120772947,0.1886645962732919,0.2949640287769784,0.49280575539568344,0.4931504485852312,0.48814199078396503,0.7456169106340731,1.5373350169810684,0.21766045858161065,0.3285024154589372
native32@O2,native32,o2,pooled_bias,10,9,49,False,0.47265812649423944,0.5127329192546584,0.32850241545893716,0.18864734299516905,0.30815347721822545,0.4880095923261391,0.4883367839889579,0.48299849834560576,0.745599611582163,1.54759754771963,0.22358903412349912,0.32367149758454106
native32@O2,native32,o2,topology_ridge,10,9,49,False,0.10652605040759915,0.5127329192546584,0.04347826086956519,0.01922015182884748,0.41606714628297364,0.49640287769784175,0.49589371980676333,0.4975864710835966,0.7472100784100213,1.4048452435934053,0.20653057071246922,0.4106280193236715
native32@O2,native32,o2,logit_ridge,10,9,49,False,0.012302643933195983,0.5127329192546584,0.04761904761904756,0.02991718426501032,0.3824940047961631,0.5071942446043165,0.5067632850241546,0.5080637787534457,0.7473124981849237,1.3851943304345495,0.19071475800526938,0.43478260869565216
native32@O2,native32,o2,combined_ridge,10,9,49,False,0.013523471232045562,0.5127329192546584,0.042857142857142816,0.028726708074534132,0.3872901678657074,0.5059952038369304,0.5055383022774328,0.5067819110444867,0.7473282388113625,1.386209270848618,0.1904571999202985,0.42995169082125606
native32@O2,native32,o2,oracle,10,9,49,True,0.0,0.5127329192546584,0.04761904761904756,0.03110766045548652,0.3824940047961631,0.5083932853717026,0.5079537612146309,0.5092533413277159,0.747339483420004,1.3837351382515077,0.19124960053033216,0.43478260869565216
native32@P3,native32,p3,identity,10,9,49,False,0.8872845609383601,0.4616459627329193,0.18095238095238098,0.10184610075914424,0.0,0.4724220623501199,0.473015873015873,0.4675584614524021,0.735371012341121,1.4617354928026352,0.2258853227379822,0.28095238095238095
native32@P3,native32,p3,global_mean,10,9,49,False,0.5527803500347395,0.5127329192546584,0.1523809523809524,0.05845410628019325,0.38848920863309355,0.4784172661870504,0.478088336783989,0.47313004620825416,0.7381625313833552,1.5748126369388284,0.24236426363418262,0.30952380952380953
native32@P3,native32,p3,pooled_bias,10,9,49,False,0.5989971407929982,0.5127329192546584,0.1523809523809524,0.06444099378881987,0.40047961630695444,0.47961630695443647,0.47924430641821947,0.4739869986358189,0.7381477653681601,1.5985014877098624,0.24688816210483966,0.30952380952380953
native32@P3,native32,p3,topology_ridge,10,9,49,False,0.12966227076279796,0.5127329192546584,0.03864734299516909,0.01922015182884748,0.3069544364508393,0.4940047961630695,0.49351276742581085,0.4938390154713508,0.7410357557096687,1.425512019998,0.20983193459538657,0.37681159420289856
native32@P3,native32,p3,logit_ridge,10,9,49,False,0.03602563204101691,0.5127329192546584,0.09178743961352659,0.030106970324361618,0.31774580335731417,0.4832134292565947,0.48262594893029676,0.4808109887677606,0.73981818381847,1.4519406396484087,0.2225483654196338,0.32367149758454106
native32@P3,native32,p3,combined_ridge,10,9,49,False,0.014568673299491394,0.5127329192546584,0.07729468599033817,0.026483781918564514,0.31774580335731417,0.486810551558753,0.4862491373360939,0.4851518725334825,0.7400980487221906,1.4483104845207857,0.2183952026836581,0.33816425120772947
native32@P3,native32,p3,oracle,10,9,49,True,0.0,0.5127329192546584,0.06763285024154592,0.024085576259489302,0.3225419664268585,0.4892086330935252,0.4886473429951691,0.4879044237796726,0.7401266107716338,1.4471935859779277,0.21640783360829438,0.34782608695652173
native32@P4,native32,p4,identity,10,9,49,False,1.2397781968433716,0.4616459627329193,0.3961352657004831,0.17924430641821948,0.0,0.47961630695443647,0.4804692891649413,0.454893721378816,0.7438804675968578,1.6261229321838802,0.2453524754224461,0.1523809523809524
native32@P4,native32,p4,global_mean,10,9,49,False,0.48514575324962517,0.5127329192546584,0.3333333333333333,0.18383367839889578,0.2865707434052758,0.4952038369304556,0.4955659075224293,0.4943841791696948,0.7459439552152652,1.5823585663641277,0.23080352181483468,0.34299516908212563
native32@P4,native32,p4,pooled_bias,10,9,49,False,0.4960357375966876,0.5127329192546584,0.3333333333333333,0.17908902691511386,0.2961630695443645,0.5,0.5003105590062111,0.49829265867172157,0.7457399615544638,1.5935602173222918,0.2265232266592916,0.33816425120772947
native32@P4,native32,p4,topology_ridge,10,9,49,False,0.22866914342148284,0.5127329192546584,0.0714285714285714,0.032349896480331236,0.3537170263788969,0.5023980815347722,0.5021221532091097,0.5038973640286726,0.7496427340034318,1.3845526317355554,0.19855266101090804,0.45893719806763283
native32@P4,native32,p4,logit_ridge,10,9,49,False,0.01551629307655091,0.5127329192546584,0.04347826086956519,0.03241890959282262,0.3800959232613909,0.5071942446043165,0.5067460317460317,0.5091083406762233,0.7504091515104101,1.4079868116927161,0.2060730275750216,0.4396135265700483
native32@P4,native32,p4,combined_ridge,10,9,49,False,0.023124921620839678,0.5127329192546584,0.04347826086956519,0.03243616287094546,0.3764988009592326,0.5071942446043165,0.5067632850241546,0.5088263936086033,0.7502835069625687,1.4051908674341433,0.20552132475924473,0.4396135265700483
native32@P4,native32,p4,oracle,10,9,49,True,0.0,0.5127329192546584,0.04347826086956519,0.02883022774327121,0.38848920863309355,0.5083932853717026,0.507919254658385,0.5097686006806101,0.7503996492161537,1.4058435808616123,0.20267855041904498,0.4396135265700483
native32@PO3,native32,po3,identity,10,9,49,False,0.9353266417661534,0.4616459627329193,0.25120772946859904,0.11283643892339547,0.0,0.473621103117506,0.4744133885438233,0.4603997996940001,0.7397835630923446,1.4538624411013987,0.216245882772282,0.21904761904761905
native32@PO3,native32,po3,global_mean,10,9,49,False,0.41136963969994045,0.5127329192546584,0.10476190476190478,0.06714975845410628,0.36930455635491605,0.5035971223021583,0.5033471359558316,0.5006837434236532,0.7416733891955574,1.5156793390194656,0.2087022951866741,0.35714285714285715
native32@PO3,native32,po3,pooled_bias,10,9,49,False,0.46026930576821956,0.5127329192546584,0.11904761904761907,0.073015873015873,0.39688249400479614,0.5,0.49965493443754316,0.4955606104766194,0.741462444666106,1.5358891381072584,0.21722774227480524,0.34285714285714286
native32@PO3,native32,po3,topology_ridge,10,9,49,False,0.2915141287175161,0.5127329192546584,0.05238095238095242,0.0431159420289855,0.3057553956834532,0.513189448441247,0.5127501725327812,0.5138919698568039,0.7429613988753005,1.4041702127830413,0.17821543369092352,0.4492753623188406
native32@PO3,native32,po3,logit_ridge,10,9,49,False,0.01671481009727281,0.5127329192546584,0.028985507246376774,0.014440993788819856,0.3249400479616307,0.4988009592326139,0.49829192546583856,0.4991152138053547,0.7425425759986687,1.4290915722467998,0.20503657393324043,0.40096618357487923
native32@PO3,native32,po3,combined_ridge,10,9,49,False,0.024574057345229137,0.5127329192546584,0.028985507246376774,0.010817805383022766,0.3213429256594724,0.5023980815347722,0.5019151138716356,0.502425567126236,0.74252969940899,1.4287137048617464,0.19910687588806444,0.41545893719806765
native32@PO3,native32,po3,oracle,10,9,49,True,0.0,0.5127329192546584,0.028985507246376774,0.013198757763975166,0.31894484412470026,0.5,0.4995341614906832,0.5004180831501938,0.742561470253833,1.4271443770138457,0.20172635767052266,0.41545893719806765
native32@PO4,native32,po4,identity,10,9,49,False,1.2910590623279752,0.4616459627329193,0.4782608695652174,0.24535886818495514,0.0,0.45443645083932854,0.45541752933057283,0.41582197399983145,0.7371451511504429,1.7609464560906305,0.28353093029068666,0.09047619047619047
native32@PO4,native32,po4,global_mean,10,9,49,False,0.5499668521026523,0.5127329192546584,0.40579710144927533,0.24499654934437542,0.2158273381294964,0.47002398081534774,0.47063492063492063,0.4651532144977695,0.740958757717196,1.6777116151205005,0.26715406818064164,0.2898550724637681
native32@PO4,native32,po4,pooled_bias,10,9,49,False,0.5567026177614666,0.5127329192546584,0.39613526570048313,0.24615251897860596,0.2290167865707434,0.46402877697841727,0.464648033126294,0.4586315635106255,0.740954592699444,1.6857398387157192,0.2726981795897354,0.2898550724637681
native32@PO4,native32,po4,topology_ridge,10,9,49,False,0.22817778379566006,0.5127329192546584,0.09999999999999998,0.053864734299516895,0.4148681055155875,0.5,0.4996894409937888,0.5002533697251428,0.7459801393940411,1.3670540453844442,0.18539241381128096,0.4492753623188406
native32@PO4,native32,po4,logit_ridge,10,9,49,False,0.018319152670277727,0.5127329192546584,0.07729468599033812,0.05764320220841958,0.41247002398081534,0.49640287769784175,0.4960144927536232,0.4973104919182123,0.7463660420539711,1.3960543429857086,0.1967492052191291,0.4057971014492754
native32@PO4,native32,po4,combined_ridge,10,9,49,False,0.022139596749803456,0.5127329192546584,0.07729468599033812,0.06004140786749479,0.41247002398081534,0.4988009592326139,0.4984126984126984,0.49970211163488953,0.7464663333477694,1.3939527421769182,0.19333381347483522,0.4057971014492754
native32@PO4,native32,po4,oracle,10,9,49,True,0.0,0.5127329192546584,0.07729468599033812,0.05521048999309866,0.42206235011990406,0.4940047961630695,0.4935817805383023,0.4951464955559909,0.746600910134234,1.3936459865903696,0.19890762733019074,0.4057971014492754
native32@Pz,native32,pz,identity,10,9,48,False,1.0068094791785784,0.4616459627329193,0.3623188405797101,0.1646135265700483,0.0,0.47721822541966424,0.478191856452726,0.4534086135886482,0.7363921855805438,1.5418761832773682,0.22825095084110392,0.1523809523809524
native32@Pz,native32,pz,global_mean,10,9,48,False,0.388090984728551,0.5127329192546584,0.251207729468599,0.1523982056590752,0.31534772182254195,0.4856115107913669,0.48593857832988263,0.48586448257301346,0.7352501403059184,1.5395676437374783,0.21612124351108983,0.35714285714285715
native32@Pz,native32,pz,pooled_bias,10,9,48,False,0.4313107175044711,0.5127329192546584,0.23188405797101447,0.14401311249137333,0.3441247002398082,0.4844124700239808,0.4846618357487923,0.4844240518906307,0.7347379403586497,1.5545501693120176,0.21861530732143059,0.34285714285714286
native32@Pz,native32,pz,topology_ridge,10,9,48,False,0.1093915254639363,0.5127329192546584,0.06666666666666665,0.03712905452035885,0.32973621103117506,0.5,0.49962042788129746,0.5035347439537525,0.7370540640921075,1.4349371400276683,0.1975517795602368,0.4444444444444444
native32@Pz,native32,pz,logit_ridge,10,9,48,False,0.04713592039193173,0.5127329192546584,0.06666666666666665,0.03707729468599033,0.35251798561151076,0.49280575539568344,0.4923222912353347,0.494416568809682,0.7369613581498593,1.420643720406174,0.2021280198990966,0.3864734299516908
native32@Pz,native32,pz,combined_ridge,10,9,48,False,0.07077366583082022,0.5127329192546584,0.05714285714285716,0.02870945479641132,0.3501199040767386,0.4940047961630695,0.49354727398205656,0.4961353882876765,0.7368605151893196,1.424528421712453,0.1983172881361251,0.3961352657004831
native32@Pz,native32,pz,oracle,10,9,48,True,0.0,0.5127329192546584,0.06666666666666665,0.03345410628019323,0.34652278177458035,0.49640287769784175,0.49594547964113184,0.49836421421775323,0.7372417931092131,1.4186695043970483,0.19882004561702268,0.40096618357487923
