view,montage,reference,n_fit_trials,oracle_bias_objective,oracle_bias_optimizer_success,oracle_bias_parameters,topology_reference_x,topology_reference_y,topology_centroid_x,topology_centroid_y,topology_relative_x,topology_relative_y,topology_centroid_distance,topology_absolute_relative_x,topology_absolute_relative_y,topology_relative_xy,topology_relative_x_squared,topology_relative_y_squared,topology_log_montage_size,topology_car_flag,logit_centered_logit_mean_0,logit_centered_logit_mean_1,logit_centered_logit_mean_2,logit_centered_logit_mean_3,logit_centered_logit_std_0,logit_centered_logit_std_1,logit_centered_logit_std_2,logit_centered_logit_std_3,logit_predicted_fraction_0,logit_predicted_fraction_1,logit_predicted_fraction_2,logit_predicted_fraction_3,logit_confidence_mean,logit_confidence_std,logit_entropy_mean,logit_entropy_std
native16@C1,native16,c1,900,1.4559497060083468,True,"[-1.3155360377288208, -1.6018200770701398, 1.7047360333836008]",-0.25,0.0,0.0,-0.015625,-0.25,0.015625,0.25048780534189685,0.25,0.015625,-0.00390625,0.0625,0.000244140625,0.8,0.0,1.2745296946914297,1.384701566052649,-1.5486043687887852,-1.1106268919552935,1.2404411730574778,1.3453500518508696,0.7364593378677052,0.9690030590228915,0.42333333333333334,0.5588888888888889,0.0022222222222222222,0.015555555555555555,0.7409792469893273,0.1702475284647767,0.662937631951096,0.3170135051336213
native16@C2,native16,c2,900,1.4665885952461821,True,"[-1.9815356991836393, -1.2495263153035185, 1.955828344446812]",0.25,0.0,0.0,-0.015625,0.25,0.015625,0.25048780534189685,0.25,0.015625,0.00390625,0.0625,0.000244140625,0.8,0.0,1.8497349769926061,1.088766199445947,-1.7923788422166318,-1.1461223342219213,1.3082246859748328,1.3435702659972812,0.7298687246651561,0.9177345711156294,0.5833333333333334,0.4022222222222222,0.0011111111111111111,0.013333333333333334,0.7599258777157011,0.17386399028361588,0.6082974349077342,0.3255138903994018
native16@C3,native16,c3,900,1.522244806372898,True,"[-0.46457697431513595, -1.8704860039118247, 1.5013272079750106]",-0.55,0.0,0.0,-0.015625,-0.55,0.015625,0.5502219012589376,0.55,0.015625,-0.00859375,0.30250000000000005,0.000244140625,0.8,0.0,0.4674528589278149,1.6273726522221437,-1.3459005285890049,-0.7489249825609537,1.1137523279316996,1.3061721251482685,0.7105879919761687,0.9517877929009635,0.24222222222222223,0.7044444444444444,0.0044444444444444444,0.04888888888888889,0.7337610988477604,0.1800336091828818,0.6999068448433491,0.333700528043924
native16@C4,native16,c4,900,1.4813479628914838,True,"[-2.2069655966976276, -0.29854279458970545, 1.703898839900916]",0.55,0.0,0.0,-0.015625,0.55,0.015625,0.5502219012589376,0.55,0.015625,0.00859375,0.30250000000000005,0.000244140625,0.8,0.0,2.0947234376131867,0.19553528538439424,-1.543873498052255,-0.7463852249453258,1.2450296806075498,1.2404159676431292,0.7260477753807558,0.9732439310724782,0.7766666666666666,0.1922222222222222,0.0044444444444444444,0.02666666666666667,0.7563026395334921,0.1784865013499352,0.6392927472502401,0.34283767772412643
native16@CP1,native16,cp1,900,1.518830836321018,True,"[-0.8733963427490008, -1.5870516230821174, 1.4795414262249884]",-0.25,-0.25,0.0,-0.015625,-0.25,-0.234375,0.34268300311658295,0.25,0.234375,0.05859375,0.0625,0.054931640625,0.8,0.0,0.8670391585727015,1.3749437808170397,-1.31295991190942,-0.9290230274803212,1.2933574922544742,1.4366360674466856,0.8227638068582817,1.2263024958181201,0.3511111111111111,0.57,0.005555555555555556,0.07333333333333333,0.732499023492344,0.1767897925321382,0.6861769333940704,0.33071725900258564
native16@CP2,native16,cp2,900,1.4367198179676062,True,"[-1.6169053123170936, -0.9794349623086679, 1.7647469868729098]",0.25,-0.25,0.0,-0.015625,0.25,-0.234375,0.34268300311658295,0.25,0.234375,-0.05859375,0.0625,0.054931640625,0.8,0.0,1.5838800254076097,0.7850252551932095,-1.6004754973539255,-0.7684297832468938,1.2707646385154694,1.3942974629179044,0.7664649035626466,1.0717666980439373,0.5811111111111111,0.3688888888888889,0.0022222222222222222,0.04777777777777778,0.7267884838105091,0.17510999822245082,0.6907244688834215,0.3223004605617943
native16@CP3,native16,cp3,900,1.5280467300008564,True,"[-0.4886382508909813, -1.7725062171980417, 1.2305730558034382]",-0.55,-0.25,0.0,-0.015625,-0.55,-0.234375,0.5978558694409548,0.55,0.234375,0.12890625,0.30250000000000005,0.054931640625,0.8,0.0,0.3904399843061239,1.5731844696218873,-1.0376518391173644,-0.9259726148106469,1.3381230353460243,1.367206622582653,0.7541858892322637,0.9897869858019588,0.27666666666666667,0.66,0.014444444444444444,0.04888888888888889,0.7335050105189935,0.19012089826879716,0.6958263790651967,0.3583838531899228
native16@CP4,native16,cp4,900,1.4380684409155124,True,"[-1.8788122668122251, -0.4247392115977181, 1.7894501425527307]",0.55,-0.25,0.0,-0.015625,0.55,-0.234375,0.5978558694409548,0.55,0.234375,-0.12890625,0.30250000000000005,0.054931640625,0.8,0.0,1.8395190708199516,0.2277169419126585,-1.6159905493295648,-0.4512454634030453,1.2448646964169592,1.3733066033838048,0.7296149839070084,1.026807928951046,0.6977777777777778,0.24,0.0011111111111111111,0.06111111111111111,0.7317093278601605,0.17531967834083417,0.6871531518766002,0.3277336160952408
native16@CPz,native16,cpz,900,1.4560433228082497,True,"[-1.4243005433596079, -1.0405924819139158, 1.79733600022365]",0.0,-0.25,0.0,-0.015625,0.0,-0.234375,0.234375,0.0,0.234375,-0.0,0.0,0.054931640625,0.8,0.0,1.3797661459546846,0.8202227460383438,-1.573443541974088,-0.6265453500189404,1.2867531160040913,1.4092836209524613,0.7099392927791012,1.0991641334522415,0.5277777777777778,0.39222222222222225,0.0044444444444444444,0.07555555555555556,0.7103886636683143,0.18262314014245778,0.7219435057850195,0.3337454068503247
native16@Cz,native16,cz,900,1.4257229983223358,True,"[-1.5702543747481934, -1.468030605372972, 1.804005746311791]",0.0,0.0,0.0,-0.015625,0.0,0.015625,0.015625,0.0,0.015625,0.0,0.0,0.000244140625,0.8,0.0,1.531210131438242,1.2663666381221264,-1.6393250451909585,-1.15825172436941,1.2095950892379244,1.3220178525508055,0.7002232058781035,0.981179923693426,0.49444444444444446,0.4911111111111111,0.0011111111111111111,0.013333333333333334,0.7404366738608396,0.16595785562951673,0.655695806099722,0.305366395514671
native16@FC1,native16,fc1,900,1.3995979566555017,True,"[-1.2659276915877908, -1.5574613425993757, 1.7749792920685101]",-0.25,0.25,0.0,-0.015625,-0.25,0.265625,0.3647692978102735,0.25,0.265625,-0.06640625,0.0625,0.070556640625,0.8,0.0,1.2532593855132452,1.3130036183814,-1.624497308675717,-0.9417656952189282,1.1245636510550872,1.2817181613081203,0.6464409288864226,0.8288404932693516,0.4311111111111111,0.5577777777777778,0.0011111111111111111,0.01,0.7273806835561448,0.17122956357787908,0.6913719436526143,0.3082141461929836
native16@FC2,native16,fc2,900,1.4092013412853235,True,"[-2.575454634295988, -1.193069511535905, 2.245548386083042]",0.25,0.25,0.0,-0.015625,0.25,0.265625,0.3647692978102735,0.25,0.265625,0.06640625,0.0625,0.070556640625,0.8,0.0,2.446527683056322,1.015817320184627,-2.0918748322954506,-1.3704701709454983,1.239063361226418,1.2773511398934745,0.6630398233656851,0.7881521441972487,0.7011111111111111,0.2966666666666667,0.0,0.0022222222222222222,0.793486300514989,0.16508699828713624,0.5162828216776213,0.29589472573400943
native16@FC3,native16,fc3,900,1.4224779505620324,True,"[-0.24143858541703966, -1.5721293138474581, 1.1679899710754662]",-0.55,0.25,0.0,-0.015625,-0.55,0.265625,0.6107836283210283,0.55,0.265625,-0.14609375000000002,0.30250000000000005,0.070556640625,0.8,0.0,0.23888574104393936,1.3754958856949169,-1.0550448995978674,-0.5593367271409887,1.0575371824850246,1.2247690303174599,0.7116557598346929,0.8664800437338802,0.24,0.69,0.011111111111111112,0.058888888888888886,0.6956284760468834,0.18402433687912217,0.7907671537172112,0.33544524128969166
native16@FC4,native16,fc4,900,1.4576436619883748,True,"[-2.2707743968042804, -0.4320342305047052, 1.8392692359781655]",0.55,0.25,0.0,-0.015625,0.55,0.265625,0.6107836283210283,0.55,0.265625,0.14609375000000002,0.30250000000000005,0.070556640625,0.8,0.0,2.09495516181018,0.38663611644594414,-1.683363285702912,-0.7982279925532122,1.3041494927311468,1.15055367695207,0.7006100040096069,0.9834676816180713,0.77,0.19666666666666666,0.0,0.03333333333333333,0.7595340499571634,0.17584342180983742,0.6292396598400635,0.33774099008100583
native16@Fz,native16,fz,900,1.4003589367851523,True,"[-1.665618866053428, -1.053151602480042, 1.8819365715002185]",0.0,0.5,0.0,-0.015625,0.0,0.515625,0.515625,0.0,0.515625,0.0,0.0,0.265869140625,0.8,0.0,1.557200723895027,0.8321380102926762,-1.7311083233250408,-0.6582304108626623,1.2745189312235847,1.278312622706197,0.6433529860041799,0.6918863811369219,0.5844444444444444,0.3933333333333333,0.0,0.022222222222222223,0.7285160427609976,0.17318413940135133,0.6995644919613815,0.326471652743935
native16@Pz,native16,pz,900,1.502560260518879,True,"[-1.0595386990363165, -0.7961891034055125, 1.7012200920052905]",0.0,-0.5,0.0,-0.015625,0.0,-0.484375,0.484375,0.0,0.484375,-0.0,0.0,0.234619140625,0.8,0.0,1.0295878066169097,0.5568898457976886,-1.5034146195696667,-0.08306303284493172,1.3779290850317238,1.513962173342601,0.8304854346363362,1.1606238208147526,0.4411111111111111,0.38555555555555554,0.008888888888888889,0.16444444444444445,0.695782864636064,0.1815054139535705,0.7612431797069227,0.3326368443900691
native16@car,native16,car,900,1.413508164275477,True,"[-1.6610281517379546, -1.4911287655310137, 1.7275799397200693]",0.0,-0.015625,0.0,-0.015625,0.0,0.0,0.0,0.0,0.0,0.0,0.0,0.0,0.8,1.0,1.5964247804135083,1.2912979064498924,-1.585640126541257,-1.302082560322144,1.2119506747933715,1.3200064043499495,0.729446493000937,0.9135153688740798,0.5233333333333333,0.4633333333333333,0.0011111111111111111,0.012222222222222223,0.7523402099345806,0.1655833998160942,0.6307063649912592,0.30324369454899297
native32@C1,native32,c1,900,1.5393829724352275,True,"[-0.5574401846947665, -0.752584998397835, 1.4922444716105416]",-0.25,0.0,0.0,-0.0859375,-0.25,0.0859375,0.26435819243263486,0.25,0.0859375,-0.021484375,0.0625,0.00738525390625,1.0,0.0,0.5432837234176178,0.5425602518971492,-1.3351116520210375,0.24926767670627062,1.7750653287346119,1.7573499967280524,1.077274539471753,1.4078843215172812,0.31666666666666665,0.4111111111111111,0.035555555555555556,0.23666666666666666,0.7132697446332165,0.20335312648324774,0.7229936626716843,0.39594097297488207
native32@C2,native32,c2,900,1.5326616135537536,True,"[-1.344960764096376, -0.22055667029446194, 1.8150715013360974]",0.25,0.0,0.0,-0.0859375,0.25,0.0859375,0.26435819243263486,0.25,0.0859375,0.021484375,0.0625,0.00738525390625,1.0,0.0,1.2252738371077512,0.08881323848230144,-1.6141383441403094,0.3000512685502569,1.7830133961470693,1.7447808020483149,1.0332574617577248,1.454267796720595,0.4711111111111111,0.28555555555555556,0.011111111111111112,0.23222222222222222,0.7313019515837977,0.19486085828180658,0.6818193751266289,0.3862911902136667
native32@C3,native32,c3,900,1.588178107949196,True,"[0.20406549769068594, -1.359209951588007, 1.1949661768391917]",-0.55,0.0,0.0,-0.0859375,-0.55,0.0859375,0.5566733817116192,0.55,0.0859375,-0.047265625000000006,0.30250000000000005,0.00738525390625,1.0,0.0,-0.15633307789788686,1.0830372607767478,-1.0499060679819538,0.12320188510309284,1.7046505116909616,1.745332587590683,1.0136247312440576,1.2887524580363077,0.20222222222222222,0.5266666666666666,0.044444444444444446,0.22666666666666666,0.7168621270097311,0.19727064167367758,0.7216482072081305,0.38283751536971095
native32@C4,native32,c4,900,1.540597491745252,True,"[-1.7656003525297703, 0.4696455453993626, 1.733439063455108]",0.55,0.0,0.0,-0.0859375,0.55,0.0859375,0.5566733817116192,0.55,0.0859375,0.047265625000000006,0.30250000000000005,0.00738525390625,1.0,0.0,1.685012556363363,-0.5626662113732245,-1.575265685412774,0.4529193404226357,1.7165828906361007,1.7097990349855277,1.0345452107774158,1.3459339096096867,0.5788888888888889,0.17,0.02,0.2311111111111111,0.7181501293150038,0.19698818007676192,0.6911540982543912,0.3832448510134049
native32@C5,native32,c5,900,1.5295883728805038,True,"[0.035097989939793996, -1.0329340321759013, 1.2661318548591478]",-0.85,0.0,0.0,-0.0859375,-0.85,0.0859375,0.8543332218205317,0.85,0.0859375,-0.073046875,0.7224999999999999,0.00738525390625,1.0,0.0,-0.050246453270859394,0.7841575858233651,-1.1495203473823818,0.415609214829876,1.787884010733614,1.724221755302348,1.0587018154488919,1.1736775720167143,0.22,0.4711111111111111,0.04,0.2688888888888889,0.6944056962148419,0.19802775775675283,0.7632381361621434,0.38441004751474406
native32@C6,native32,c6,900,1.511917435619258,True,"[-1.4133954858425635, 0.5831812937812787, 1.4548709453644235]",0.85,0.0,0.0,-0.0859375,0.85,0.0859375,0.8543332218205317,0.85,0.0859375,0.073046875,0.7224999999999999,0.00738525390625,1.0,0.0,1.3039322471838548,-0.6301492935199187,-1.3596792247133433,0.6858962710494072,1.818112610515448,1.6638638687026261,1.1159841175612673,1.3438707272470074,0.4711111111111111,0.1622222222222222,0.03666666666666667,0.33,0.7051807497292013,0.19894833456315658,0.7239136329803494,0.38751835078156716
native32@CP1,native32,cp1,900,1.5941941059814733,True,"[-0.23238818535505393, -0.7596217921466314, 1.4001051287409951]",-0.25,-0.25,0.0,-0.0859375,-0.25,-0.1640625,0.2990259251406975,0.25,0.1640625,0.041015625,0.0625,0.02691650390625,1.0,0.0,0.29202846735948695,0.5480301026868013,-1.2291445827388412,0.3890860126925529,1.7848164531651232,1.8489419719837974,1.1548283223377753,1.583837507505308,0.26,0.40555555555555556,0.043333333333333335,0.2911111111111111,0.7247075949248835,0.20004902973995045,0.6969757733673047,0.38879626736394385
native32@CP2,native32,cp2,900,1.536548599268072,True,"[-0.9994458452601884, -0.09386599617365698, 1.7063620819849359]",0.25,-0.25,0.0,-0.0859375,0.25,-0.1640625,0.2990259251406975,0.25,0.1640625,-0.041015625,0.0625,0.02691650390625,1.0,0.0,0.9589232197317243,-0.07029744617628036,-1.5070765979669523,0.6184508244115083,1.779831515854268,1.8310550355029338,1.0881843469561356,1.49047177400081,0.4022222222222222,0.27111111111111114,0.024444444444444446,0.3022222222222222,0.7204002375800108,0.1972424596924553,0.7008450441572145,0.38408344552445994
native32@CP3,native32,cp3,900,1.594658617884837,True,"[0.1593704289460924, -1.3035338546409536, 1.0163048406857749]",-0.55,-0.25,0.0,-0.0859375,-0.55,-0.1640625,0.573948171794501,0.55,0.1640625,0.090234375,0.30250000000000005,0.02691650390625,1.0,0.0,-0.16060880664813643,1.0252022507189151,-0.8640511059592892,-0.0005423381114895972,1.79415430277405,1.8167471701709634,1.066691065325432,1.3059916451642095,0.2111111111111111,0.5333333333333333,0.056666666666666664,0.1988888888888889,0.7203218728666962,0.20111697602519726,0.7186356929191864,0.393402392648265
native32@CP4,native32,cp4,900,1.5181271015328055,True,"[-1.3125430827529956, 0.3255057008524155, 1.7573647439519626]",0.55,-0.25,0.0,-0.0859375,0.55,-0.1640625,0.573948171794501,0.55,0.1640625,-0.090234375,0.30250000000000005,0.02691650390625,1.0,0.0,1.258963147955688,-0.47048730562622143,-1.589649193932354,0.8011733516028875,1.7561190915998215,1.847131919222831,1.0618789252236815,1.379621280399908,0.44333333333333336,0.19666666666666666,0.015555555555555555,0.34444444444444444,0.7135736489631775,0.1991585745088149,0.6996605127822462,0.3804382245005218
native32@CP5,native32,cp5,900,1.516181329270367,True,"[0.1219303739676091, -1.0827052073332724, 1.1454855891446274]",-0.85,-0.25,0.0,-0.0859375,-0.85,-0.1640625,0.8656884566091025,0.85,0.1640625,0.13945312499999998,0.7224999999999999,0.02691650390625,1.0,0.0,-0.11868650670939436,0.8197515057394695,-1.0233048573296724,0.3222398582995973,1.805874633076647,1.779499840667105,1.0479224043231357,1.2060006910463905,0.22,0.47333333333333333,0.04555555555555556,0.2611111111111111,0.6967421932439045,0.20388804711663566,0.760295874375551,0.39616486113327254
native32@CP6,native32,cp6,900,1.5349677957265586,True,"[-1.2469732874633859, 0.3792202409144226, 1.8121184277438473]",0.85,-0.25,0.0,-0.0859375,0.85,-0.1640625,0.8656884566091025,0.85,0.1640625,-0.13945312499999998,0.7224999999999999,0.02691650390625,1.0,0.0,1.2263597223398068,-0.5485875141188605,-1.6616502956717483,0.983878087450802,1.7849846342291724,1.8448966036835068,1.0585652786589033,1.356058431888321,0.4111111111111111,0.19,0.014444444444444444,0.3844444444444444,0.7124504415098974,0.19597658191796594,0.7013097332870896,0.3762908870752843
native32@CPz,native32,cpz,900,1.5476753913841208,True,"[-0.7203639019673224, -0.2898058054600111, 1.662170559332416]",0.0,-0.25,0.0,-0.0859375,0.0,-0.1640625,0.1640625,0.0,0.1640625,-0.0,0.0,0.02691650390625,1.0,0.0,0.6860519867759043,0.10026612450019456,-1.4366469780939062,0.6503288668178073,1.8056557190090625,1.8423991574921548,1.080619033105543,1.5062310255911788,0.3377777777777778,0.30444444444444446,0.024444444444444446,0.3333333333333333,0.7201950557869097,0.19811711612948027,0.7005439640987039,0.3837838920024994
native32@Cz,native32,cz,900,1.52397587462487,True,"[-0.8481429601155185, -0.5953986962585368, 1.6638140563941755]",0.0,0.0,0.0,-0.0859375,0.0,0.0859375,0.0859375,0.0,0.0859375,0.0,0.0,0.00738525390625,1.0,0.0,0.8123054731404409,0.4040038215343116,-1.4746486584226497,0.25833936374789723,1.7370289263919143,1.7424408184798879,1.0404862775988477,1.4552571200683713,0.3711111111111111,0.37222222222222223,0.01888888888888889,0.23777777777777778,0.7192700546948173,0.1991106724048176,0.7111302758145879,0.3868016470542677
native32@F1,native32,f1,900,1.4563990747876294,True,"[-1.164292026598031, -1.0172439795383192, 1.9388659693409869]",-0.25,0.5,0.0,-0.0859375,-0.25,0.5859375,0.6370421916217559,0.25,0.5859375,-0.146484375,0.0625,0.34332275390625,1.0,0.0,1.117019688783524,0.7389225918991077,-1.7462879086115086,-0.10965437207112295,1.7210235367480196,1.7435854970583071,0.9051478385072438,1.1470307771433952,0.45111111111111113,0.4222222222222222,0.0033333333333333335,0.12333333333333334,0.7267687437346073,0.1937706219907001,0.6952216313886712,0.3835604429830141
native32@F2,native32,f2,900,1.4662798224124687,True,"[-1.9295404069891977, -0.7597160782765774, 2.365673156429123]",0.25,0.5,0.0,-0.0859375,0.25,0.5859375,0.6370421916217559,0.25,0.5859375,0.146484375,0.0625,0.34332275390625,1.0,0.0,1.7827943377458078,0.5284484651190643,-2.165299980449749,-0.14594282241512296,1.7403138646989382,1.7144158614047094,0.9307951764480372,1.1685514057502038,0.5711111111111111,0.33666666666666667,0.0011111111111111111,0.09111111111111111,0.7641651630640452,0.18637533135836842,0.6082768900686883,0.3661113054809361
native32@F3,native32,f3,900,1.5296509796879798,True,"[-0.7994977076955129, -0.9962313864891085, 1.8245772574100334]",-0.55,0.5,0.0,-0.0859375,-0.55,0.5859375,0.8036309811762175,0.55,0.5859375,-0.322265625,0.30250000000000005,0.34332275390625,1.0,0.0,0.7291352900560014,0.7207291773714436,-1.6275228793507752,0.1776584119233303,1.824880134077935,1.7620008960598261,0.9421029721451056,1.158934219932569,0.35888888888888887,0.4311111111111111,0.011111111111111112,0.1988888888888889,0.7172994445123524,0.20096546993575914,0.7142400997288846,0.3937018022760469
native32@F4,native32,f4,900,1.480871687744582,True,"[-1.9452188545222369, -0.7182631277283407, 2.4305383665140248]",0.55,0.5,0.0,-0.0859375,0.55,0.5859375,0.8036309811762175,0.55,0.5859375,0.322265625,0.30250000000000005,0.34332275390625,1.0,0.0,1.8124857954693854,0.46348290288122374,-2.209129330309677,-0.06683936804093213,1.7432672861292922,1.744043515928794,0.8974589390188427,1.1969428976322367,0.58,0.31222222222222223,0.0033333333333333335,0.10444444444444445,0.7630474784488638,0.18676710902146176,0.6067217499175351,0.3652982218356515
native32@FC1,native32,fc1,900,1.5041300209491306,True,"[-0.643153634809031, -0.8313993323859471, 1.6831119127842178]",-0.25,0.25,0.0,-0.0859375,-0.25,0.3359375,0.41875291510179363,0.25,0.3359375,-0.083984375,0.0625,0.11285400390625,1.0,0.0,0.623272317620253,0.6145241001478603,-1.5200595745048486,0.28226315673673524,1.7501665396707649,1.7053119912022334,1.0056151271571494,1.2896284752232434,0.3333333333333333,0.4166666666666667,0.017777777777777778,0.23222222222222222,0.7072590317097547,0.2023978179756048,0.7308717006472684,0.38945722985004794
native32@FC2,native32,fc2,900,1.4983502131206334,True,"[-1.6514204328602593, -0.285541576176965, 1.9383652328070928]",0.25,0.25,0.0,-0.0859375,0.25,0.3359375,0.41875291510179363,0.25,0.3359375,0.083984375,0.0625,0.11285400390625,1.0,0.0,1.52961858592022,0.13700003588287574,-1.7711185611647347,0.10449993936163891,1.7389883909043033,1.6765783393620866,1.0147244740173444,1.2903226241120975,0.5433333333333333,0.2877777777777778,0.0077777777777777776,0.16111111111111112,0.7321888219931181,0.19509154312885899,0.6795747116794445,0.3855023984138609
native32@FC3,native32,fc3,900,1.5233102706281945,True,"[-0.17615742549699495, -1.132186649303404, 1.570338057126619]",-0.55,0.25,0.0,-0.0859375,-0.55,0.3359375,0.6444796380850601,0.55,0.3359375,-0.18476562500000002,0.30250000000000005,0.11285400390625,1.0,0.0,0.15677585126599297,0.9017336572621328,-1.4146268239764808,0.35611731544835495,1.7627132633735605,1.7146639058253292,1.0046109529959966,1.264813245129566,0.2477777777777778,0.49666666666666665,0.013333333333333334,0.24222222222222223,0.7157716637954011,0.19723427447694264,0.719064600704296,0.3825373660029473
native32@FC4,native32,fc4,900,1.4985787767244307,True,"[-1.91334226878351, 0.15496456674800374, 1.8917159618098713]",0.55,0.25,0.0,-0.0859375,0.55,0.3359375,0.6444796380850601,0.55,0.3359375,0.18476562500000002,0.30250000000000005,0.11285400390625,1.0,0.0,1.7284774236692788,-0.22222870135252984,-1.73510231366989,0.22885359135314098,1.7557674141044766,1.5973738209977,1.0110353000531,1.316307909382168,0.6111111111111112,0.19444444444444445,0.013333333333333334,0.1811111111111111,0.7345430017851067,0.19799072120288586,0.6645984019048514,0.3836667771092771
native32@FC5,native32,fc5,900,1.4492202408108807,True,"[0.2779430354888752, -0.6651567282753723, 1.144221742719691]",-0.85,0.25,0.0,-0.0859375,-0.85,0.3359375,0.9139770259181846,0.85,0.3359375,-0.285546875,0.7224999999999999,0.11285400390625,1.0,0.0,-0.2819544181007788,0.46757294356331436,-1.0217071410193521,0.8360886155568167,1.3302642559474436,1.5326073729945684,0.9780702842948084,1.1520697423920194,0.17,0.3655555555555556,0.05,0.41444444444444445,0.6519070293147383,0.18831924038121087,0.8443647168000742,0.34048970913238746
native32@FC6,native32,fc6,900,1.4696982617729057,True,"[-1.5366433526346162, 0.7231987480284104, 1.247752948860808]",0.85,0.25,0.0,-0.0859375,0.85,0.3359375,0.9139770259181846,0.85,0.3359375,0.285546875,0.7224999999999999,0.11285400390625,1.0,0.0,1.3565090192419786,-0.7239779955003824,-1.1446170615518672,0.512086037810271,1.795402532484741,1.4454478017483932,1.0432116604095711,1.2567736405928431,0.5388888888888889,0.13666666666666666,0.044444444444444446,0.28,0.6952285011142579,0.2053650542628812,0.7554350604160919,0.398706042301924
native32@Fz,native32,fz,900,1.4053422647973615,True,"[-1.613138837769183, -0.9341981073945163, 2.079441449893236]",0.0,0.5,0.0,-0.0859375,0.0,0.5859375,0.5859375,0.0,0.5859375,0.0,0.0,0.34332275390625,1.0,0.0,1.5079846877423633,0.6875488797000919,-1.8782161841908884,-0.31731738325156683,1.6914261565805542,1.6937403779649771,0.8823425988405388,1.1177268565307377,0.5311111111111111,0.3888888888888889,0.0033333333333333335,0.07666666666666666,0.7472275178213903,0.19031156429894427,0.6486101624867172,0.3745871383833778
native32@O1,native32,o1,900,1.544770471919528,True,"[-0.5527504624311295, -0.4083764776035473, 1.5017388207076492]",-0.25,-1.0,0.0,-0.0859375,-0.25,-0.9140625,0.9476340295210224,0.25,0.9140625,0.228515625,0.0625,0.83551025390625,1.0,0.0,0.510830298281637,0.21721940303557655,-1.3717331217361304,0.6436834204189169,1.8627654782692538,1.8033163849172165,1.121958407077238,1.3433610468897736,0.30666666666666664,0.3277777777777778,0.03666666666666667,0.3288888888888889,0.7025846045826899,0.20188152080508412,0.7376019717523468,0.39181847920841817
native32@O2,native32,o2,900,1.552540928533052,True,"[-0.8168238821790903, 0.0016125055379547911, 1.887368269411522]",0.25,-1.0,0.0,-0.0859375,0.25,-0.9140625,0.9476340295210224,0.25,0.9140625,-0.228515625,0.0625,0.83551025390625,1.0,0.0,0.768217905906236,-0.1916369565602185,-1.7465572189079184,1.169976269561901,1.8550987628127111,1.8345673758019327,1.0920949604899912,1.3242230628662197,0.31,0.23444444444444446,0.012222222222222223,0.44333333333333336,0.7148051003971677,0.19335201682985512,0.7022790118673096,0.37319298087744823
native32@P3,native32,p3,900,1.5078961348540072,True,"[-0.18068255467420108, -0.7377283591591348, 1.3360136072538744]",-0.55,-0.5,0.0,-0.0859375,-0.55,-0.4140625,0.6884386348152245,0.55,0.4140625,0.22773437500000002,0.30250000000000005,0.17144775390625,1.0,0.0,0.22594731829051548,0.4513904285298971,-1.1975905300312055,0.5202527832107929,1.7692143310891586,1.860975029260618,1.0838257578043147,1.342200434633178,0.2611111111111111,0.38333333333333336,0.044444444444444446,0.3111111111111111,0.7006043345210342,0.20243644804159774,0.7490722468195198,0.39626783715813313
native32@P4,native32,p4,900,1.5223900767376541,True,"[-0.865066479820114, 0.04509112969041469, 1.9648859273808963]",0.55,-0.5,0.0,-0.0859375,0.55,-0.4140625,0.6884386348152245,0.55,0.4140625,-0.22773437500000002,0.30250000000000005,0.17144775390625,1.0,0.0,0.853394735422658,-0.2875783535856236,-1.7666659583707547,1.2008495765337204,1.846940804108888,1.9282638185826733,1.0222261484187687,1.370555301826562,0.32222222222222224,0.22111111111111112,0.008888888888888889,0.4477777777777778,0.7234053256752802,0.19081360573123204,0.6821885910501336,0.36874196682141913
native32@PO3,native32,po3,900,1.52022346948375,True,"[-0.40149285800805495, -0.6135719577640348, 1.4445901557212635]",-0.55,-0.75,0.0,-0.0859375,-0.55,-0.6640625,0.8622522855326334,0.55,0.6640625,0.36523437500000006,0.30250000000000005,0.44097900390625,1.0,0.0,0.3936893500542889,0.3625622748831908,-1.296605572613577,0.5403539476760973,1.8281236024352052,1.8512622032690211,1.0725676676232094,1.3224126767890119,0.30444444444444446,0.36,0.035555555555555556,0.3,0.702389929828667,0.20216323298878697,0.7422798364274263,0.39514979082422536
native32@PO4,native32,po4,900,1.5357580777768634,True,"[-0.8833706456135194, 0.13548085187811676, 2.049829687681468]",0.55,-0.75,0.0,-0.0859375,0.55,-0.6640625,0.8622522855326334,0.55,0.6640625,-0.36523437500000006,0.30250000000000005,0.44097900390625,1.0,0.0,0.8518566086577872,-0.35166043023268384,-1.8656973050431245,1.365501126618021,1.878481129435698,1.8851139979686538,1.0450348247659622,1.361128001959271,0.3022222222222222,0.19777777777777777,0.0077777777777777776,0.4922222222222222,0.7289846512786338,0.18928711629998538,0.668170360902253,0.362328748579115
native32@Pz,native32,pz,900,1.4993463002617244,True,"[-0.534481903984765, -0.29818787807785657, 1.6329142861068264]",0.0,-0.5,0.0,-0.0859375,0.0,-0.4140625,0.4140625,0.0,0.4140625,-0.0,0.0,0.17144775390625,1.0,0.0,0.5569584788723538,0.052294658036488625,-1.4791938351974305,0.8699406982885881,1.7805741565976922,1.8482045244220926,1.0522328584416478,1.3476235164544141,0.29555555555555557,0.2822222222222222,0.01888888888888889,0.4033333333333333,0.7033889085614903,0.19947510893010867,0.731533946523343,0.3839305562595338
native32@car,native32,car,900,1.4403035222089955,True,"[-0.9988960813827041, -0.552281230127568, 1.446982341677948]",0.0,-0.0859375,0.0,-0.0859375,0.0,0.0,0.0,0.0,0.0,0.0,0.0,0.0,1.0,1.0,0.9406024496378894,0.32173646632142155,-1.281941516653169,0.019602600693857917,1.7503367900200015,1.7836863716967126,1.0132608846202402,1.308712126164106,0.44555555555555554,0.3511111111111111,0.02666666666666667,0.17666666666666667,0.7102595659389356,0.20816791094413026,0.7284100686763599,0.40346540272181913
