target_view,montage,held_out_reference,method,parameter_index,predicted_bias,oracle_bias,error
native16@C1,native16,c1,identity,0,0.0,-1.3155360377288208,1.3155360377288208
native16@C1,native16,c1,identity,1,0.0,-1.6018200770701398,1.6018200770701398
native16@C1,native16,c1,identity,2,0.0,1.7047360333836008,-1.7047360333836008
native16@C1,native16,c1,global_mean,0,-1.061177973783512,-1.3155360377288208,0.2543580639453087
native16@C1,native16,c1,global_mean,1,-0.6803310078484217,-1.6018200770701398,0.9214890692217181
native16@C1,native16,c1,global_mean,2,1.6744241950044347,1.7047360333836008,-0.030311838379166067
native16@C1,native16,c1,pooled_bias,0,-1.118593274474111,-1.3155360377288208,0.19694276325470983
native16@C1,native16,c1,pooled_bias,1,-0.7101596585738509,-1.6018200770701398,0.891660418496289
native16@C1,native16,c1,pooled_bias,2,1.7576601910090053,1.7047360333836008,0.05292415762540448
native16@C1,native16,c1,topology_ridge,0,-1.1869868606931635,-1.3155360377288208,0.12854917703565727
native16@C1,native16,c1,topology_ridge,1,-1.5209442591984645,-1.6018200770701398,0.0808758178716753
native16@C1,native16,c1,topology_ridge,2,1.5983321137645738,1.7047360333836008,-0.10640391961902695
native16@C1,native16,c1,logit_ridge,0,-1.267072088774922,-1.3155360377288208,0.04846394895389872
native16@C1,native16,c1,logit_ridge,1,-1.6240211548595114,-1.6018200770701398,-0.022201077789371526
native16@C1,native16,c1,logit_ridge,2,1.7154904371772903,1.7047360333836008,0.010754403793689526
native16@C1,native16,c1,combined_ridge,0,-1.2523227872691147,-1.3155360377288208,0.06321325045970605
native16@C1,native16,c1,combined_ridge,1,-1.6187812224348286,-1.6018200770701398,-0.016961145364688734
native16@C1,native16,c1,combined_ridge,2,1.708356108695507,1.7047360333836008,0.0036200753119062234
native16@C1,native16,c1,oracle,0,-1.3155360377288208,-1.3155360377288208,0.0
native16@C1,native16,c1,oracle,1,-1.6018200770701398,-1.6018200770701398,0.0
native16@C1,native16,c1,oracle,2,1.7047360333836008,1.7047360333836008,0.0
native16@C2,native16,c2,identity,0,0.0,-1.9815356991836393,1.9815356991836393
native16@C2,native16,c2,identity,1,0.0,-1.2495263153035185,1.2495263153035185
native16@C2,native16,c2,identity,2,0.0,1.955828344446812,-1.955828344446812
native16@C2,native16,c2,global_mean,0,-1.030896302099003,-1.9815356991836393,0.9506393970846363
native16@C2,native16,c2,global_mean,1,-0.6987543847207133,-1.2495263153035185,0.5507719305828053
native16@C2,native16,c2,global_mean,2,1.6624675420713355,1.955828344446812,-0.29336080237547657
native16@C2,native16,c2,pooled_bias,0,-1.0853292789426114,-1.9815356991836393,0.8962064202410278
native16@C2,native16,c2,pooled_bias,1,-0.7312181607307336,-1.2495263153035185,0.5183081545727849
native16@C2,native16,c2,pooled_bias,2,1.7454711202838764,1.955828344446812,-0.21035722416293567
native16@C2,native16,c2,topology_ridge,0,-1.7293748942617366,-1.9815356991836393,0.2521608049219026
native16@C2,native16,c2,topology_ridge,1,-1.0200398081180218,-1.2495263153035185,0.2294865071854968
native16@C2,native16,c2,topology_ridge,2,1.772388288387441,1.955828344446812,-0.1834400560593712
native16@C2,native16,c2,logit_ridge,0,-1.9217413066540103,-1.9815356991836393,0.059794392529628926
native16@C2,native16,c2,logit_ridge,1,-1.2476718464028,-1.2495263153035185,0.0018544689007184978
native16@C2,native16,c2,logit_ridge,2,1.9495854783247464,1.955828344446812,-0.0062428661220657045
native16@C2,native16,c2,combined_ridge,0,-1.9158423112335243,-1.9815356991836393,0.06569338795011492
native16@C2,native16,c2,combined_ridge,1,-1.1901509645544603,-1.2495263153035185,0.0593753507490582
native16@C2,native16,c2,combined_ridge,2,1.9170832440167263,1.955828344446812,-0.03874510043008583
native16@C2,native16,c2,oracle,0,-1.9815356991836393,-1.9815356991836393,0.0
native16@C2,native16,c2,oracle,1,-1.2495263153035185,-1.2495263153035185,0.0
native16@C2,native16,c2,oracle,2,1.955828344446812,1.955828344446812,0.0
native16@C3,native16,c3,identity,0,0.0,-0.46457697431513595,0.46457697431513595
native16@C3,native16,c3,identity,1,0.0,-1.8704860039118247,1.8704860039118247
native16@C3,native16,c3,identity,2,0.0,1.5013272079750106,-1.5013272079750106
native16@C3,native16,c3,global_mean,0,-1.0947709893209938,-0.46457697431513595,-0.6301940150058578
native16@C3,native16,c3,global_mean,1,-0.6620957811810914,-1.8704860039118247,1.2083902227307335
native16@C3,native16,c3,global_mean,2,1.6848551766748499,1.5013272079750106,0.18352796869983923
native16@C3,native16,c3,pooled_bias,0,-1.1488723760405775,-0.46457697431513595,-0.6842954017254415
native16@C3,native16,c3,pooled_bias,1,-0.6891493405866833,-1.8704860039118247,1.1813366633251414
native16@C3,native16,c3,pooled_bias,2,1.768077732620142,1.5013272079750106,0.2667505246451314
native16@C3,native16,c3,topology_ridge,0,-0.832253318417492,-0.46457697431513595,-0.367676344102356
native16@C3,native16,c3,topology_ridge,1,-1.6040773901830465,-1.8704860039118247,0.2664086137287782
native16@C3,native16,c3,topology_ridge,2,1.3310753271680662,1.5013272079750106,-0.17025188080694442
native16@C3,native16,c3,logit_ridge,0,-0.48386351598237387,-0.46457697431513595,-0.019286541667237922
native16@C3,native16,c3,logit_ridge,1,-1.9213931853543025,-1.8704860039118247,-0.050907181442477745
native16@C3,native16,c3,logit_ridge,2,1.4926092770554542,1.5013272079750106,-0.008717930919556416
native16@C3,native16,c3,combined_ridge,0,-0.5078213676861865,-0.46457697431513595,-0.043244393371050516
native16@C3,native16,c3,combined_ridge,1,-1.888423843191267,-1.8704860039118247,-0.017937839279442258
native16@C3,native16,c3,combined_ridge,2,1.4518225961813642,1.5013272079750106,-0.0495046117936464
native16@C3,native16,c3,oracle,0,-0.46457697431513595,-0.46457697431513595,0.0
native16@C3,native16,c3,oracle,1,-1.8704860039118247,-1.8704860039118247,0.0
native16@C3,native16,c3,oracle,2,1.5013272079750106,1.5013272079750106,0.0
native16@C4,native16,c4,identity,0,0.0,-2.2069655966976276,2.2069655966976276
native16@C4,native16,c4,identity,1,0.0,-0.29854279458970545,0.29854279458970545
native16@C4,native16,c4,identity,2,0.0,1.703898839900916,-1.703898839900916
native16@C4,native16,c4,global_mean,0,-1.0174365211417657,-2.2069655966976276,1.1895290755558618
native16@C4,native16,c4,global_mean,1,-0.732945754229206,-0.29854279458970545,-0.4344029596395006
native16@C4,native16,c4,global_mean,2,1.6694167492052288,1.703898839900916,-0.034482090695687306
native16@C4,native16,c4,pooled_bias,0,-1.0665363448321667,-2.2069655966976276,1.1404292518654608
native16@C4,native16,c4,pooled_bias,1,-0.7649099624696957,-0.29854279458970545,-0.4663671678799902
native16@C4,native16,c4,pooled_bias,2,1.7511120379511145,1.703898839900916,0.04721319805019841
native16@C4,native16,c4,topology_ridge,0,-1.892879748291632,-2.2069655966976276,0.3140858484059956
native16@C4,native16,c4,topology_ridge,1,-0.7459224730765446,-0.29854279458970545,-0.4473796784868391
native16@C4,native16,c4,topology_ridge,2,1.788049482621769,1.703898839900916,0.08415064272085293
native16@C4,native16,c4,logit_ridge,0,-2.32617178206786,-2.2069655966976276,-0.1192061853702322
native16@C4,native16,c4,logit_ridge,1,-0.26652591418107713,-0.29854279458970545,0.03201688040862832
native16@C4,native16,c4,logit_ridge,2,1.729435209570198,1.703898839900916,0.025536369669281855
native16@C4,native16,c4,combined_ridge,0,-2.277142558743912,-2.2069655966976276,-0.07017696204628443
native16@C4,native16,c4,combined_ridge,1,-0.3123024537676938,-0.29854279458970545,-0.013759659177988326
native16@C4,native16,c4,combined_ridge,2,1.7277053264643358,1.703898839900916,0.02380648656341977
native16@C4,native16,c4,oracle,0,-2.2069655966976276,-2.2069655966976276,0.0
native16@C4,native16,c4,oracle,1,-0.29854279458970545,-0.29854279458970545,0.0
native16@C4,native16,c4,oracle,2,1.703898839900916,1.703898839900916,0.0
native16@CP1,native16,cp1,identity,0,0.0,-0.8733963427490008,0.8733963427490008
native16@CP1,native16,cp1,identity,1,0.0,-1.5870516230821174,1.5870516230821174
native16@CP1,native16,cp1,identity,2,0.0,1.4795414262249884,-1.4795414262249884
native16@CP1,native16,cp1,global_mean,0,-1.0771611340818354,-0.8733963427490008,-0.20376479133283465
native16@CP1,native16,cp1,global_mean,1,-0.6804920841034057,-1.5870516230821174,0.9065595389787118
native16@CP1,native16,cp1,global_mean,2,1.6810353189633542,1.4795414262249884,0.20149389273836582
native16@CP1,native16,cp1,pooled_bias,0,-1.1335534475558187,-0.8733963427490008,-0.26015710480681786
native16@CP1,native16,cp1,pooled_bias,1,-0.7123257575208489,-1.5870516230821174,0.8747258655612685
native16@CP1,native16,cp1,pooled_bias,2,1.7647383811782986,1.4795414262249884,0.2851969549533102
native16@CP1,native16,cp1,topology_ridge,0,-1.0751072511890938,-0.8733963427490008,-0.20171090844009298
native16@CP1,native16,cp1,topology_ridge,1,-1.3732850804193928,-1.5870516230821174,0.21376654266272466
native16@CP1,native16,cp1,topology_ridge,2,1.5987226573213364,1.4795414262249884,0.11918123109634804
native16@CP1,native16,cp1,logit_ridge,0,-0.8497113974177483,-0.8733963427490008,0.023684945331252538
native16@CP1,native16,cp1,logit_ridge,1,-1.5644688242875122,-1.5870516230821174,0.02258279879460523
native16@CP1,native16,cp1,logit_ridge,2,1.519764751796678,1.4795414262249884,0.040223325571689506
native16@CP1,native16,cp1,combined_ridge,0,-0.8533913592653397,-0.8733963427490008,0.020004983483661087
native16@CP1,native16,cp1,combined_ridge,1,-1.558412165888004,-1.5870516230821174,0.028639457194113538
native16@CP1,native16,cp1,combined_ridge,2,1.5556913887134303,1.4795414262249884,0.07614996248844186
native16@CP1,native16,cp1,oracle,0,-0.8733963427490008,-0.8733963427490008,0.0
native16@CP1,native16,cp1,oracle,1,-1.5870516230821174,-1.5870516230821174,0.0
native16@CP1,native16,cp1,oracle,2,1.4795414262249884,1.4795414262249884,0.0
native16@CP2,native16,cp2,identity,0,0.0,-1.6169053123170936,1.6169053123170936
native16@CP2,native16,cp2,identity,1,0.0,-0.9794349623086679,0.9794349623086679
native16@CP2,native16,cp2,identity,2,0.0,1.7647469868729098,-1.7647469868729098
native16@CP2,native16,cp2,global_mean,0,-1.0456909959678098,-1.6169053123170936,0.5712143163492838
native16@CP2,native16,cp2,global_mean,1,-0.7070206769522897,-0.9794349623086679,0.27241428535637824
native16@CP2,native16,cp2,global_mean,2,1.6687131832572744,1.7647469868729098,-0.0960338036156354
native16@CP2,native16,cp2,pooled_bias,0,-1.1012577976396034,-1.6169053123170936,0.5156475146774901
native16@CP2,native16,cp2,pooled_bias,1,-0.7387938018378105,-0.9794349623086679,0.24064116047085737
native16@CP2,native16,cp2,pooled_bias,2,1.7531977832024344,1.7647469868729098,-0.011549203670475405
native16@CP2,native16,cp2,topology_ridge,0,-1.523689764335387,-1.6169053123170936,0.0932155479817065
native16@CP2,native16,cp2,topology_ridge,1,-0.8900894314744952,-0.9794349623086679,0.08934553083417274
native16@CP2,native16,cp2,topology_ridge,2,1.8086765742499225,1.7647469868729098,0.04392958737701269
native16@CP2,native16,cp2,logit_ridge,0,-1.6533275536429217,-1.6169053123170936,-0.036422241325828164
native16@CP2,native16,cp2,logit_ridge,1,-0.9503605347705283,-0.9794349623086679,0.029074427538139602
native16@CP2,native16,cp2,logit_ridge,2,1.7845510219279639,1.7647469868729098,0.019804035055054126
native16@CP2,native16,cp2,combined_ridge,0,-1.6365692490991242,-1.6169053123170936,-0.0196639367820306
native16@CP2,native16,cp2,combined_ridge,1,-0.9077646561916433,-0.9794349623086679,0.07167030611702463
native16@CP2,native16,cp2,combined_ridge,2,1.768994719243388,1.7647469868729098,0.004247732370478152
native16@CP2,native16,cp2,oracle,0,-1.6169053123170936,-1.6169053123170936,0.0
native16@CP2,native16,cp2,oracle,1,-0.9794349623086679,-0.9794349623086679,0.0
native16@CP2,native16,cp2,oracle,2,1.7647469868729098,1.7647469868729098,0.0
native16@CP3,native16,cp3,identity,0,0.0,-0.4886382508909813,0.4886382508909813
native16@CP3,native16,cp3,identity,1,0.0,-1.7725062171980417,1.7725062171980417
native16@CP3,native16,cp3,identity,2,0.0,1.2305730558034382,-1.2305730558034382
native16@CP3,native16,cp3,global_mean,0,-1.0933385654601515,-0.4886382508909813,-0.6047003145691703
native16@CP3,native16,cp3,global_mean,1,-0.6652969454240255,-1.7725062171980417,1.1072092717740163
native16@CP3,native16,cp3,global_mean,2,1.694217999348287,1.2305730558034382,0.46364494354484886
native16@CP3,native16,cp3,pooled_bias,0,-1.1457353471705602,-0.4886382508909813,-0.657097096279579
native16@CP3,native16,cp3,pooled_bias,1,-0.6972502274415442,-1.7725062171980417,1.0752559897564975
native16@CP3,native16,cp3,pooled_bias,2,1.778881132094182,1.2305730558034382,0.5483080762907437
native16@CP3,native16,cp3,topology_ridge,0,-0.6770277283511645,-0.4886382508909813,-0.18838947746018325
native16@CP3,native16,cp3,topology_ridge,1,-1.5154507272274975,-1.7725062171980417,0.25705548997054417
native16@CP3,native16,cp3,topology_ridge,2,1.3537793156126299,1.2305730558034382,0.12320625980919164
native16@CP3,native16,cp3,logit_ridge,0,-0.38203854205083376,-0.4886382508909813,0.10659970884014752
native16@CP3,native16,cp3,logit_ridge,1,-1.8292178455867052,-1.7725062171980417,-0.056711628388663504
native16@CP3,native16,cp3,logit_ridge,2,1.2118454142555968,1.2305730558034382,-0.018727641547841456
native16@CP3,native16,cp3,combined_ridge,0,-0.3784997203319075,-0.4886382508909813,0.1101385305590738
native16@CP3,native16,cp3,combined_ridge,1,-1.8173861053515281,-1.7725062171980417,-0.044879888153486425
native16@CP3,native16,cp3,combined_ridge,2,1.2108979621997227,1.2305730558034382,-0.019675093603715554
native16@CP3,native16,cp3,oracle,0,-0.4886382508909813,-0.4886382508909813,0.0
native16@CP3,native16,cp3,oracle,1,-1.7725062171980417,-1.7725062171980417,0.0
native16@CP3,native16,cp3,oracle,2,1.2305730558034382,1.2305730558034382,0.0
native16@CP4,native16,cp4,identity,0,0.0,-1.8788122668122251,1.8788122668122251
native16@CP4,native16,cp4,identity,1,0.0,-0.4247392115977181,0.4247392115977181
native16@CP4,native16,cp4,identity,2,0.0,1.7894501425527307,-1.7894501425527307
native16@CP4,native16,cp4,global_mean,0,-1.0337117419680613,-1.8788122668122251,0.8451005248441639
native16@CP4,native16,cp4,global_mean,1,-0.7273137487801442,-0.4247392115977181,-0.3025745371824261
native16@CP4,native16,cp4,global_mean,2,1.667135978722965,1.7894501425527307,-0.12231416382976579
native16@CP4,native16,cp4,pooled_bias,0,-1.0874176778269269,-1.8788122668122251,0.7913945889852982
native16@CP4,native16,cp4,pooled_bias,1,-0.7577668512178292,-0.4247392115977181,-0.33302763962011106
native16@CP4,native16,cp4,pooled_bias,2,1.7499231117222724,1.7894501425527307,-0.039527030830458276
native16@CP4,native16,cp4,topology_ridge,0,-1.664844933170364,-1.8788122668122251,0.21396733364186105
native16@CP4,native16,cp4,topology_ridge,1,-0.49921884798562466,-0.4247392115977181,-0.07447963638790656
native16@CP4,native16,cp4,topology_ridge,2,1.8041950221500895,1.7894501425527307,0.014744879597358818
native16@CP4,native16,cp4,logit_ridge,0,-1.996175127365361,-1.8788122668122251,-0.11736286055313583
native16@CP4,native16,cp4,logit_ridge,1,-0.3930210164987246,-0.4247392115977181,0.031718195098993485
native16@CP4,native16,cp4,logit_ridge,2,1.8155242842166996,1.7894501425527307,0.02607414166396893
native16@CP4,native16,cp4,combined_ridge,0,-1.9553107416381261,-1.8788122668122251,-0.076498474825901
native16@CP4,native16,cp4,combined_ridge,1,-0.3710626728608613,-0.4247392115977181,0.053676538736856794
native16@CP4,native16,cp4,combined_ridge,2,1.7917076766781979,1.7894501425527307,0.002257534125467142
native16@CP4,native16,cp4,oracle,0,-1.8788122668122251,-1.8788122668122251,0.0
native16@CP4,native16,cp4,oracle,1,-0.4247392115977181,-0.4247392115977181,0.0
native16@CP4,native16,cp4,oracle,2,1.7894501425527307,1.7894501425527307,0.0
native16@CPz,native16,cpz,identity,0,0.0,-1.4243005433596079,1.4243005433596079
native16@CPz,native16,cpz,identity,1,0.0,-1.0405924819139158,1.0405924819139158
native16@CPz,native16,cpz,identity,2,0.0,1.79733600022365,-1.79733600022365
native16@CPz,native16,cpz,global_mean,0,-1.0555178024730256,-1.4243005433596079,0.36878274088658225
native16@CPz,native16,cpz,global_mean,1,-0.7016644826003812,-1.0405924819139158,0.3389279993135347
native16@CPz,native16,cpz,global_mean,2,1.6689549022010615,1.79733600022365,-0.12838109802258857
native16@CPz,native16,cpz,pooled_bias,0,-1.1115432026977035,-1.4243005433596079,0.3127573406619044
native16@CPz,native16,cpz,pooled_bias,1,-0.7338476797093467,-1.0405924819139158,0.3067448022045691
native16@CPz,native16,cpz,pooled_bias,2,1.7543812356257509,1.79733600022365,-0.04295476459789915
native16@CPz,native16,cpz,topology_ridge,0,-1.287373373729886,-1.4243005433596079,0.13692716962972185
native16@CPz,native16,cpz,topology_ridge,1,-1.1342434901900622,-1.0405924819139158,-0.09365100827614636
native16@CPz,native16,cpz,topology_ridge,2,1.6972149902727405,1.79733600022365,-0.10012100995090956
native16@CPz,native16,cpz,logit_ridge,0,-1.4117401460694947,-1.4243005433596079,0.012560397290113157
native16@CPz,native16,cpz,logit_ridge,1,-0.9884455076283684,-1.0405924819139158,0.05214697428554749
native16@CPz,native16,cpz,logit_ridge,2,1.742717247859463,1.79733600022365,-0.054618752364187007
native16@CPz,native16,cpz,combined_ridge,0,-1.397591968183069,-1.4243005433596079,0.026708575176538796
native16@CPz,native16,cpz,combined_ridge,1,-0.9937832999224305,-1.0405924819139158,0.046809181991485316
native16@CPz,native16,cpz,combined_ridge,2,1.7191975209063644,1.79733600022365,-0.07813847931728568
native16@CPz,native16,cpz,oracle,0,-1.4243005433596079,-1.4243005433596079,0.0
native16@CPz,native16,cpz,oracle,1,-1.0405924819139158,-1.0405924819139158,0.0
native16@CPz,native16,cpz,oracle,2,1.79733600022365,1.79733600022365,0.0
native16@Cz,native16,cz,identity,0,0.0,-1.5702543747481934,1.5702543747481934
native16@Cz,native16,cz,identity,1,0.0,-1.468030605372972,1.468030605372972
native16@Cz,native16,cz,identity,2,0.0,1.804005746311791,-1.804005746311791
native16@Cz,native16,cz,global_mean,0,-1.0498150339410095,-1.5702543747481934,0.5204393408071839
native16@Cz,native16,cz,global_mean,1,-0.6863930031366815,-1.468030605372972,0.7816376022362904
native16@Cz,native16,cz,global_mean,2,1.6687817096354385,1.804005746311791,-0.1352240366763524
native16@Cz,native16,cz,pooled_bias,0,-1.1065712588823007,-1.5702543747481934,0.4636831158658927
native16@Cz,native16,cz,pooled_bias,1,-0.717244114197711,-1.468030605372972,0.750786491175261
native16@Cz,native16,cz,pooled_bias,2,1.7522133595248943,1.804005746311791,-0.05179238678689657
native16@Cz,native16,cz,topology_ridge,0,-1.5369810554659402,-1.5702543747481934,0.03327331928225319
native16@Cz,native16,cz,topology_ridge,1,-1.1990881428124647,-1.468030605372972,0.26894246256050724
native16@Cz,native16,cz,topology_ridge,2,1.7458650136583647,1.804005746311791,-0.05814073265342623
native16@Cz,native16,cz,logit_ridge,0,-1.53432436913313,-1.5702543747481934,0.03593000561506332
native16@Cz,native16,cz,logit_ridge,1,-1.4878815967332946,-1.468030605372972,-0.019850991360322645
native16@Cz,native16,cz,logit_ridge,2,1.812537357656117,1.804005746311791,0.008531611344326118
native16@Cz,native16,cz,combined_ridge,0,-1.5782875866955246,-1.5702543747481934,-0.008033211947331198
native16@Cz,native16,cz,combined_ridge,1,-1.4609709642429172,-1.468030605372972,0.00705964113005475
native16@Cz,native16,cz,combined_ridge,2,1.8319813312418725,1.804005746311791,0.027975584930081565
native16@Cz,native16,cz,oracle,0,-1.5702543747481934,-1.5702543747481934,0.0
native16@Cz,native16,cz,oracle,1,-1.468030605372972,-1.468030605372972,0.0
native16@Cz,native16,cz,oracle,2,1.804005746311791,1.804005746311791,0.0
native16@FC1,native16,fc1,identity,0,0.0,-1.2659276915877908,1.2659276915877908
native16@FC1,native16,fc1,identity,1,0.0,-1.5574613425993757,1.5574613425993757
native16@FC1,native16,fc1,identity,2,0.0,1.7749792920685101,-1.7749792920685101
native16@FC1,native16,fc1,global_mean,0,-1.0604257841174027,-1.2659276915877908,0.2055019074703881
native16@FC1,native16,fc1,global_mean,1,-0.679613182858477,-1.5574613425993757,0.8778481597408987
native16@FC1,native16,fc1,global_mean,2,1.6689843887573808,1.7749792920685101,-0.10599490331112937
native16@FC1,native16,fc1,pooled_bias,0,-1.1178850192118939,-1.2659276915877908,0.14804267237589697
native16@FC1,native16,fc1,pooled_bias,1,-0.708111994246857,-1.5574613425993757,0.8493493483525187
native16@FC1,native16,fc1,pooled_bias,2,1.75298182496146,1.7749792920685101,-0.021997467107050195
native16@FC1,native16,fc1,topology_ridge,0,-1.3358597405195478,-1.2659276915877908,-0.06993204893175697
native16@FC1,native16,fc1,topology_ridge,1,-1.5542859868119718,-1.5574613425993757,0.0031753557874039107
native16@FC1,native16,fc1,topology_ridge,2,1.778406625122881,1.7749792920685101,0.003427333054370818
native16@FC1,native16,fc1,logit_ridge,0,-1.2702840362420504,-1.2659276915877908,-0.004356344654259603
native16@FC1,native16,fc1,logit_ridge,1,-1.5907646901069958,-1.5574613425993757,-0.033303347507620096
native16@FC1,native16,fc1,logit_ridge,2,1.7702078063988764,1.7749792920685101,-0.004771485669633702
native16@FC1,native16,fc1,combined_ridge,0,-1.2680589551530332,-1.2659276915877908,-0.002131263565242403
native16@FC1,native16,fc1,combined_ridge,1,-1.591391738410445,-1.5574613425993757,-0.03393039581106927
native16@FC1,native16,fc1,combined_ridge,2,1.775718912135538,1.7749792920685101,0.0007396200670277686
native16@FC1,native16,fc1,oracle,0,-1.2659276915877908,-1.2659276915877908,0.0
native16@FC1,native16,fc1,oracle,1,-1.5574613425993757,-1.5574613425993757,0.0
native16@FC1,native16,fc1,oracle,2,1.7749792920685101,1.7749792920685101,0.0
native16@FC2,native16,fc2,identity,0,0.0,-2.575454634295988,2.575454634295988
native16@FC2,native16,fc2,identity,1,0.0,-1.193069511535905,1.193069511535905
native16@FC2,native16,fc2,identity,2,0.0,2.245548386083042,-2.245548386083042
native16@FC2,native16,fc2,global_mean,0,-1.0121384145182482,-2.575454634295988,1.5633162197777397
native16@FC2,native16,fc2,global_mean,1,-0.6985767159266533,-1.193069511535905,0.49449279560925163
native16@FC2,native16,fc2,global_mean,2,1.6538630884649346,2.245548386083042,-0.5916852976181073
native16@FC2,native16,fc2,pooled_bias,0,-1.0584576513786244,-2.575454634295988,1.5169969829173635
native16@FC2,native16,fc2,pooled_bias,1,-0.7368425742183937,-1.193069511535905,0.4562269373175112
native16@FC2,native16,fc2,pooled_bias,2,1.7346995637883826,2.245548386083042,-0.5108488222946592
native16@FC2,native16,fc2,topology_ridge,0,-1.9036803443909514,-2.575454634295988,0.6717742899050365
native16@FC2,native16,fc2,topology_ridge,1,-1.078001269586622,-1.193069511535905,0.115068241949283
native16@FC2,native16,fc2,topology_ridge,2,1.9053775478562114,2.245548386083042,-0.3401708382268305
native16@FC2,native16,fc2,logit_ridge,0,-2.5892048306854587,-2.575454634295988,-0.013750196389470837
native16@FC2,native16,fc2,logit_ridge,1,-1.1204047160557857,-1.193069511535905,0.07266479548011917
native16@FC2,native16,fc2,logit_ridge,2,2.2341113711996914,2.245548386083042,-0.011437014883350471
native16@FC2,native16,fc2,combined_ridge,0,-2.487572629462338,-2.575454634295988,0.08788200483364994
native16@FC2,native16,fc2,combined_ridge,1,-1.2409479447510083,-1.193069511535905,-0.04787843321510343
native16@FC2,native16,fc2,combined_ridge,2,2.266778622269159,2.245548386083042,0.02123023618611697
native16@FC2,native16,fc2,oracle,0,-2.575454634295988,-2.575454634295988,0.0
native16@FC2,native16,fc2,oracle,1,-1.193069511535905,-1.193069511535905,0.0
native16@FC2,native16,fc2,oracle,2,2.245548386083042,2.245548386083042,0.0
native16@FC3,native16,fc3,identity,0,0.0,-0.24143858541703966,0.24143858541703966
native16@FC3,native16,fc3,identity,1,0.0,-1.5721293138474581,1.5721293138474581
native16@FC3,native16,fc3,identity,2,0.0,1.1679899710754662,-1.1679899710754662
native16@FC3,native16,fc3,global_mean,0,-1.0914983948566277,-0.24143858541703966,-0.850059809439588
native16@FC3,native16,fc3,global_mean,1,-0.6730411976883616,-1.5721293138474581,0.8990881161590966
native16@FC3,native16,fc3,global_mean,2,1.6839794549376024,1.1679899710754662,0.5159894838621362
native16@FC3,native16,fc3,pooled_bias,0,-1.1462925352201463,-0.24143858541703966,-0.9048539498031066
native16@FC3,native16,fc3,pooled_bias,1,-0.7032927252841548,-1.5721293138474581,0.8688365885633034
native16@FC3,native16,fc3,pooled_bias,2,1.7694561054702527,1.1679899710754662,0.6014661343947865
native16@FC3,native16,fc3,topology_ridge,0,-0.9247933185389086,-0.24143858541703966,-0.6833547331218689
native16@FC3,native16,fc3,topology_ridge,1,-1.7407109323678676,-1.5721293138474581,-0.16858161852040943
native16@FC3,native16,fc3,topology_ridge,2,1.610866114531205,1.1679899710754662,0.4428761434557389
native16@FC3,native16,fc3,logit_ridge,0,-0.2482968319886656,-0.24143858541703966,-0.0068582465716259255
native16@FC3,native16,fc3,logit_ridge,1,-1.6821651260361006,-1.5721293138474581,-0.11003581218864245
native16@FC3,native16,fc3,logit_ridge,2,1.1947485652789747,1.1679899710754662,0.026758594203508457
native16@FC3,native16,fc3,combined_ridge,0,-0.28277019686149796,-0.24143858541703966,-0.041331611444458294
native16@FC3,native16,fc3,combined_ridge,1,-1.6547938233931268,-1.5721293138474581,-0.08266450954566862
native16@FC3,native16,fc3,combined_ridge,2,1.2147313184408217,1.1679899710754662,0.04674134736535551
native16@FC3,native16,fc3,oracle,0,-0.24143858541703966,-0.24143858541703966,0.0
native16@FC3,native16,fc3,oracle,1,-1.5721293138474581,-1.5721293138474581,0.0
native16@FC3,native16,fc3,oracle,2,1.1679899710754662,1.1679899710754662,0.0
native16@FC4,native16,fc4,identity,0,0.0,-2.2707743968042804,2.2707743968042804
native16@FC4,native16,fc4,identity,1,0.0,-0.4320342305047052,0.4320342305047052
native16@FC4,native16,fc4,identity,2,0.0,1.8392692359781655,-1.8392692359781655
native16@FC4,native16,fc4,global_mean,0,-1.0130292145509243,-2.2707743968042804,1.257745182253356
native16@FC4,native16,fc4,global_mean,1,-0.7236088289257401,-0.4320342305047052,-0.2915745984210349
native16@FC4,native16,fc4,global_mean,2,1.6632990972378952,1.8392692359781655,-0.17597013874027034
native16@FC4,native16,fc4,pooled_bias,0,-1.0597722971997252,-2.2707743968042804,1.2110020996045552
native16@FC4,native16,fc4,pooled_bias,1,-0.7596390168354885,-0.4320342305047052,-0.3276047863307833
native16@FC4,native16,fc4,pooled_bias,2,1.7451973061509265,1.8392692359781655,-0.094071929827239
native16@FC4,native16,fc4,topology_ridge,0,-2.2290398233924162,-2.2707743968042804,0.04173457341186415
native16@FC4,native16,fc4,topology_ridge,1,-0.7549151974654172,-0.4320342305047052,-0.32288096696071206
native16@FC4,native16,fc4,topology_ridge,2,1.918530243070186,1.8392692359781655,0.07926100709202055
native16@FC4,native16,fc4,logit_ridge,0,-2.3638339480616226,-2.2707743968042804,-0.09305955125734222
native16@FC4,native16,fc4,logit_ridge,1,-0.39585126495098133,-0.4320342305047052,0.036182965553723856
native16@FC4,native16,fc4,logit_ridge,2,1.8536021924123163,1.8392692359781655,0.014332956434150779
native16@FC4,native16,fc4,combined_ridge,0,-2.3627636283006233,-2.2707743968042804,-0.09198923149634286
native16@FC4,native16,fc4,combined_ridge,1,-0.4259394865186503,-0.4320342305047052,0.0060947439860548625
native16@FC4,native16,fc4,combined_ridge,2,1.860802963380217,1.8392692359781655,0.021533727402051506
native16@FC4,native16,fc4,oracle,0,-2.2707743968042804,-2.2707743968042804,0.0
native16@FC4,native16,fc4,oracle,1,-0.4320342305047052,-0.4320342305047052,0.0
native16@FC4,native16,fc4,oracle,2,1.8392692359781655,1.8392692359781655,0.0
native16@Fz,native16,fz,identity,0,0.0,-1.665618866053428,1.665618866053428
native16@Fz,native16,fz,identity,1,0.0,-1.053151602480042,1.053151602480042
native16@Fz,native16,fz,identity,2,0.0,1.8819365715002185,-1.8819365715002185
native16@Fz,native16,fz,global_mean,0,-1.0318908595876988,-1.665618866053428,0.6337280064657291
native16@Fz,native16,fz,global_mean,1,-0.687977994631618,-1.053151602480042,0.365173607848424
native16@Fz,native16,fz,global_mean,2,1.6584992467461153,1.8819365715002185,-0.22343732475410327
native16@Fz,native16,fz,pooled_bias,0,-1.0839187829342285,-1.665618866053428,0.5817000831191994
native16@Fz,native16,fz,pooled_bias,1,-0.7201961992798402,-1.053151602480042,0.3329554032002018
native16@Fz,native16,fz,pooled_bias,2,1.7434782134052762,1.8819365715002185,-0.13845835809494234
native16@Fz,native16,fz,topology_ridge,0,-1.9704574003715483,-1.665618866053428,-0.30483853431812036
native16@Fz,native16,fz,topology_ridge,1,-1.3564591765992193,-1.053151602480042,-0.3033075741191773
native16@Fz,native16,fz,topology_ridge,2,2.1116972623349404,1.8819365715002185,0.22976069083472184
native16@Fz,native16,fz,logit_ridge,0,-1.6744420306570118,-1.665618866053428,-0.0088231646035839
native16@Fz,native16,fz,logit_ridge,1,-1.067474644860749,-1.053151602480042,-0.01432304238070703
native16@Fz,native16,fz,logit_ridge,2,1.8638356194753267,1.8819365715002185,-0.018100952024891814
native16@Fz,native16,fz,combined_ridge,0,-1.753163335042562,-1.665618866053428,-0.08754446898913404
native16@Fz,native16,fz,combined_ridge,1,-1.1264455195867782,-1.053151602480042,-0.07329391710673616
native16@Fz,native16,fz,combined_ridge,2,1.9166220248394186,1.8819365715002185,0.034685453339200034
native16@Fz,native16,fz,oracle,0,-1.665618866053428,-1.665618866053428,0.0
native16@Fz,native16,fz,oracle,1,-1.053151602480042,-1.053151602480042,0.0
native16@Fz,native16,fz,oracle,2,1.8819365715002185,1.8819365715002185,0.0
native16@Pz,native16,pz,identity,0,0.0,-1.0595386990363165,1.0595386990363165
native16@Pz,native16,pz,identity,1,0.0,-0.7961891034055125,0.7961891034055125
native16@Pz,native16,pz,identity,2,0.0,1.7012200920052905,-1.7012200920052905
native16@Pz,native16,pz,global_mean,0,-1.0669895491877308,-1.0595386990363165,-0.007450850151414334
native16@Pz,native16,pz,global_mean,1,-0.7065815931397679,-0.7961891034055125,0.08960751026574465
native16@Pz,native16,pz,global_mean,2,1.67156682264781,1.7012200920052905,-0.029653269357480472
native16@Pz,native16,pz,pooled_bias,0,-1.123982748538568,-1.0595386990363165,-0.06444404950225158
native16@Pz,native16,pz,pooled_bias,1,-0.7400880405908521,-0.7961891034055125,0.05610106281466043
native16@Pz,native16,pz,pooled_bias,2,1.7566066696395484,1.7012200920052905,0.055386577634257916
native16@Pz,native16,pz,topology_ridge,0,-1.2668271730595315,-1.0595386990363165,-0.20728847402321504
native16@Pz,native16,pz,topology_ridge,1,-1.041709877286395,-0.7961891034055125,-0.24552077388088256
native16@Pz,native16,pz,topology_ridge,2,1.748999978297805,1.7012200920052905,0.047779886292514506
native16@Pz,native16,pz,logit_ridge,0,-1.0433320944762094,-1.0595386990363165,0.01620660456010703
native16@Pz,native16,pz,logit_ridge,1,-0.7657832568195955,-0.7961891034055125,0.03040584658591705
native16@Pz,native16,pz,logit_ridge,2,1.6688000044004343,1.7012200920052905,-0.03242008760485615
native16@Pz,native16,pz,combined_ridge,0,-1.0443741988996722,-1.0595386990363165,0.015164500136644277
native16@Pz,native16,pz,combined_ridge,1,-0.7812294734580214,-0.7961891034055125,0.014959629947491115
native16@Pz,native16,pz,combined_ridge,2,1.6518320731321683,1.7012200920052905,-0.049388018873122164
native16@Pz,native16,pz,oracle,0,-1.0595386990363165,-1.0595386990363165,0.0
native16@Pz,native16,pz,oracle,1,-0.7961891034055125,-0.7961891034055125,0.0
native16@Pz,native16,pz,oracle,2,1.7012200920052905,1.7012200920052905,0.0
native32@C1,native32,c1,identity,0,0.0,-0.5574401846947665,0.5574401846947665
native32@C1,native32,c1,identity,1,0.0,-0.752584998397835,0.752584998397835
native32@C1,native32,c1,identity,2,0.0,1.4922444716105416,-1.4922444716105416
native32@C1,native32,c1,global_mean,0,-1.061177973783512,-0.5574401846947665,-0.5037377890887456
native32@C1,native32,c1,global_mean,1,-0.6803310078484217,-0.752584998397835,0.07225399054941328
native32@C1,native32,c1,global_mean,2,1.6744241950044347,1.4922444716105416,0.1821797233938931
native32@C1,native32,c1,pooled_bias,0,-1.118593274474111,-0.5574401846947665,-0.5611530897793444
native32@C1,native32,c1,pooled_bias,1,-0.7101596585738509,-0.752584998397835,0.04242533982398411
native32@C1,native32,c1,pooled_bias,2,1.7576601910090053,1.4922444716105416,0.26541571939846365
native32@C1,native32,c1,topology_ridge,0,-0.6509649646315181,-0.5574401846947665,-0.09352477993675157
native32@C1,native32,c1,topology_ridge,1,-0.8576381733266181,-0.752584998397835,-0.10505317492878308
native32@C1,native32,c1,topology_ridge,2,1.5955491907253334,1.4922444716105416,0.10330471911479178
native32@C1,native32,c1,logit_ridge,0,-0.5629714639725403,-0.5574401846947665,-0.0055312792777737485
native32@C1,native32,c1,logit_ridge,1,-0.7256334319415666,-0.752584998397835,0.026951566456268394
native32@C1,native32,c1,logit_ridge,2,1.4783377129015498,1.4922444716105416,-0.013906758708991829
native32@C1,native32,c1,combined_ridge,0,-0.544036591178689,-0.5574401846947665,0.013403593516077561
native32@C1,native32,c1,combined_ridge,1,-0.7255130319731224,-0.752584998397835,0.027071966424712546
native32@C1,native32,c1,combined_ridge,2,1.4656070245180777,1.4922444716105416,-0.02663744709246396
native32@C1,native32,c1,oracle,0,-0.5574401846947665,-0.5574401846947665,0.0
native32@C1,native32,c1,oracle,1,-0.752584998397835,-0.752584998397835,0.0
native32@C1,native32,c1,oracle,2,1.4922444716105416,1.4922444716105416,0.0
native32@C2,native32,c2,identity,0,0.0,-1.344960764096376,1.344960764096376
native32@C2,native32,c2,identity,1,0.0,-0.22055667029446194,0.22055667029446194
native32@C2,native32,c2,identity,2,0.0,1.8150715013360974,-1.8150715013360974
native32@C2,native32,c2,global_mean,0,-1.030896302099003,-1.344960764096376,0.31406446199737315
native32@C2,native32,c2,global_mean,1,-0.6987543847207133,-0.22055667029446194,-0.47819771442625136
native32@C2,native32,c2,global_mean,2,1.6624675420713355,1.8150715013360974,-0.1526039592647619
native32@C2,native32,c2,pooled_bias,0,-1.0853292789426114,-1.344960764096376,0.25963148515376466
native32@C2,native32,c2,pooled_bias,1,-0.7312181607307336,-0.22055667029446194,-0.5106614904362717
native32@C2,native32,c2,pooled_bias,2,1.7454711202838764,1.8150715013360974,-0.069600381052221
native32@C2,native32,c2,topology_ridge,0,-1.2132285755378562,-1.344960764096376,0.13173218855851987
native32@C2,native32,c2,topology_ridge,1,-0.37315880672829865,-0.22055667029446194,-0.15260213643383672
native32@C2,native32,c2,topology_ridge,2,1.7585795597346106,1.8150715013360974,-0.05649194160148685
native32@C2,native32,c2,logit_ridge,0,-1.2911970969616624,-1.344960764096376,0.0537636671347137
native32@C2,native32,c2,logit_ridge,1,-0.2498910147828759,-0.22055667029446194,-0.02933434448841396
native32@C2,native32,c2,logit_ridge,2,1.8101614156989705,1.8150715013360974,-0.004910085637126915
native32@C2,native32,c2,combined_ridge,0,-1.2828255922611251,-1.344960764096376,0.06213517183525097
native32@C2,native32,c2,combined_ridge,1,-0.26051294667942176,-0.22055667029446194,-0.03995627638495983
native32@C2,native32,c2,combined_ridge,2,1.812684433727917,1.8150715013360974,-0.0023870676081803044
native32@C2,native32,c2,oracle,0,-1.344960764096376,-1.344960764096376,0.0
native32@C2,native32,c2,oracle,1,-0.22055667029446194,-0.22055667029446194,0.0
native32@C2,native32,c2,oracle,2,1.8150715013360974,1.8150715013360974,0.0
native32@C3,native32,c3,identity,0,0.0,0.20406549769068594,-0.20406549769068594
native32@C3,native32,c3,identity,1,0.0,-1.359209951588007,1.359209951588007
native32@C3,native32,c3,identity,2,0.0,1.1949661768391917,-1.1949661768391917
native32@C3,native32,c3,global_mean,0,-1.0947709893209938,0.20406549769068594,-1.2988364870116798
native32@C3,native32,c3,global_mean,1,-0.6620957811810914,-1.359209951588007,0.6971141704069156
native32@C3,native32,c3,global_mean,2,1.6848551766748499,1.1949661768391917,0.48988899983565815
native32@C3,native32,c3,pooled_bias,0,-1.1488723760405775,0.20406549769068594,-1.3529378737312634
native32@C3,native32,c3,pooled_bias,1,-0.6891493405866833,-1.359209951588007,0.6700606110013236
native32@C3,native32,c3,pooled_bias,2,1.768077732620142,1.1949661768391917,0.5731115557809503
native32@C3,native32,c3,topology_ridge,0,-0.25285182504639825,0.20406549769068594,-0.4569173227370842
native32@C3,native32,c3,topology_ridge,1,-0.940420326264525,-1.359209951588007,0.41878962532348196
native32@C3,native32,c3,topology_ridge,2,1.341732917133798,1.1949661768391917,0.14676674029460623
native32@C3,native32,c3,logit_ridge,0,0.11286992985986788,0.20406549769068594,-0.09119556783081806
native32@C3,native32,c3,logit_ridge,1,-1.3509083683033767,-1.359209951588007,0.008301583284630265
native32@C3,native32,c3,logit_ridge,2,1.2113353866924799,1.1949661768391917,0.016369209853288158
native32@C3,native32,c3,combined_ridge,0,0.07027928583490906,0.20406549769068594,-0.13378621185577688
native32@C3,native32,c3,combined_ridge,1,-1.2706384480919304,-1.359209951588007,0.08857150349607656
native32@C3,native32,c3,combined_ridge,2,1.2124574533477448,1.1949661768391917,0.01749127650855309
native32@C3,native32,c3,oracle,0,0.20406549769068594,0.20406549769068594,0.0
native32@C3,native32,c3,oracle,1,-1.359209951588007,-1.359209951588007,0.0
native32@C3,native32,c3,oracle,2,1.1949661768391917,1.1949661768391917,0.0
native32@C4,native32,c4,identity,0,0.0,-1.7656003525297703,1.7656003525297703
native32@C4,native32,c4,identity,1,0.0,0.4696455453993626,-0.4696455453993626
native32@C4,native32,c4,identity,2,0.0,1.733439063455108,-1.733439063455108
native32@C4,native32,c4,global_mean,0,-1.0174365211417657,-1.7656003525297703,0.7481638313880046
native32@C4,native32,c4,global_mean,1,-0.732945754229206,0.4696455453993626,-1.2025912996285686
native32@C4,native32,c4,global_mean,2,1.6694167492052288,1.733439063455108,-0.06402231424987925
native32@C4,native32,c4,pooled_bias,0,-1.0665363448321667,-1.7656003525297703,0.6990640076976036
native32@C4,native32,c4,pooled_bias,1,-0.7649099624696957,0.4696455453993626,-1.2345555078690582
native32@C4,native32,c4,pooled_bias,2,1.7511120379511145,1.733439063455108,0.017672974496006466
native32@C4,native32,c4,topology_ridge,0,-1.3986198145487267,-1.7656003525297703,0.3669805379810436
native32@C4,native32,c4,topology_ridge,1,-0.058970107007840444,0.4696455453993626,-0.528615652407203
native32@C4,native32,c4,topology_ridge,2,1.755606421415572,1.733439063455108,0.022167357960463985
native32@C4,native32,c4,logit_ridge,0,-1.7637473878417982,-1.7656003525297703,0.0018529646879721362
native32@C4,native32,c4,logit_ridge,1,0.37917530560921997,0.4696455453993626,-0.09047023979014263
native32@C4,native32,c4,logit_ridge,2,1.7485675422037108,1.733439063455108,0.015128478748602792
native32@C4,native32,c4,combined_ridge,0,-1.714030467778243,-1.7656003525297703,0.05156988475152735
native32@C4,native32,c4,combined_ridge,1,0.32845843447513856,0.4696455453993626,-0.14118711092422404
native32@C4,native32,c4,combined_ridge,2,1.7535603380004976,1.733439063455108,0.02012127454538959
native32@C4,native32,c4,oracle,0,-1.7656003525297703,-1.7656003525297703,0.0
native32@C4,native32,c4,oracle,1,0.4696455453993626,0.4696455453993626,0.0
native32@C4,native32,c4,oracle,2,1.733439063455108,1.733439063455108,0.0
native32@C5,native32,c5,identity,0,0.0,0.035097989939793996,-0.035097989939793996
native32@C5,native32,c5,identity,1,0.0,-1.0329340321759013,1.0329340321759013
native32@C5,native32,c5,identity,2,0.0,1.2661318548591478,-1.2661318548591478
native32@C5,native32,c5,global_mean,0,-1.0784615704892235,0.035097989939793996,-1.1135595604290176
native32@C5,native32,c5,global_mean,1,-0.69341549836768,-1.0329340321759013,0.3395185338082213
native32@C5,native32,c5,global_mean,2,1.6796573471499563,1.2661318548591478,0.4135254922908085
native32@C5,native32,c5,pooled_bias,0,-1.128139387630673,0.035097989939793996,-1.163237377570467
native32@C5,native32,c5,pooled_bias,1,-0.7289713206736915,-1.0329340321759013,0.30396271150220977
native32@C5,native32,c5,pooled_bias,2,1.7632897671938432,1.2661318548591478,0.4971579123346954
native32@C5,native32,c5,topology_ridge,0,0.5182057911073901,0.035097989939793996,0.48310780116759605
native32@C5,native32,c5,topology_ridge,1,-1.03759915827882,-1.0329340321759013,-0.004665126102918693
native32@C5,native32,c5,topology_ridge,2,0.9200005427048705,1.2661318548591478,-0.3461313121542773
native32@C5,native32,c5,logit_ridge,0,-0.005430154243285967,0.035097989939793996,-0.04052814418307996
native32@C5,native32,c5,logit_ridge,1,-1.0184086734006026,-1.0329340321759013,0.014525358775298702
native32@C5,native32,c5,logit_ridge,2,1.2778914650068236,1.2661318548591478,0.011759610147675792
native32@C5,native32,c5,combined_ridge,0,0.050173255725078025,0.035097989939793996,0.01507526578528403
native32@C5,native32,c5,combined_ridge,1,-1.043294066086718,-1.0329340321759013,-0.010360033910816746
native32@C5,native32,c5,combined_ridge,2,1.2386332354585483,1.2661318548591478,-0.0274986194005995
native32@C5,native32,c5,oracle,0,0.035097989939793996,0.035097989939793996,0.0
native32@C5,native32,c5,oracle,1,-1.0329340321759013,-1.0329340321759013,0.0
native32@C5,native32,c5,oracle,2,1.2661318548591478,1.2661318548591478,0.0
native32@C6,native32,c6,identity,0,0.0,-1.4133954858425635,1.4133954858425635
native32@C6,native32,c6,identity,1,0.0,0.5831812937812787,-0.5831812937812787
native32@C6,native32,c6,identity,2,0.0,1.4548709453644235,-1.4548709453644235
native32@C6,native32,c6,global_mean,0,-1.0489004791467265,-1.4133954858425635,0.364495006695837
native32@C6,native32,c6,global_mean,1,-0.7263974437953776,0.5831812937812787,-1.3095787375766563
native32@C6,native32,c6,global_mean,2,1.6758055289763791,1.4548709453644235,0.22093458361195562
native32@C6,native32,c6,pooled_bias,0,-1.1078816266177076,-1.4133954858425635,0.30551385922485585
native32@C6,native32,c6,pooled_bias,1,-0.7523937266974576,0.5831812937812787,-1.3355750204787364
native32@C6,native32,c6,pooled_bias,2,1.7580770683922706,1.4548709453644235,0.3032061230278471
native32@C6,native32,c6,topology_ridge,0,-1.672303214178195,-1.4133954858425635,-0.2589077283356316
native32@C6,native32,c6,topology_ridge,1,0.605570267517824,0.5831812937812787,0.022388973736545248
native32@C6,native32,c6,topology_ridge,2,1.679835901631219,1.4548709453644235,0.22496495626679547
native32@C6,native32,c6,logit_ridge,0,-1.3254831339657216,-1.4133954858425635,0.08791235187684188
native32@C6,native32,c6,logit_ridge,1,0.49062638596923214,0.5831812937812787,-0.09255490781204656
native32@C6,native32,c6,logit_ridge,2,1.4873027616081118,1.4548709453644235,0.032431816243688294
native32@C6,native32,c6,combined_ridge,0,-1.3620508604413053,-1.4133954858425635,0.05134462540125817
native32@C6,native32,c6,combined_ridge,1,0.5736314673461475,0.5831812937812787,-0.009549826435131248
native32@C6,native32,c6,combined_ridge,2,1.4770905058529815,1.4548709453644235,0.022219560488558
native32@C6,native32,c6,oracle,0,-1.4133954858425635,-1.4133954858425635,0.0
native32@C6,native32,c6,oracle,1,0.5831812937812787,0.5831812937812787,0.0
native32@C6,native32,c6,oracle,2,1.4548709453644235,1.4548709453644235,0.0
native32@CP1,native32,cp1,identity,0,0.0,-0.23238818535505393,0.23238818535505393
native32@CP1,native32,cp1,identity,1,0.0,-0.7596217921466314,0.7596217921466314
native32@CP1,native32,cp1,identity,2,0.0,1.4001051287409951,-1.4001051287409951
native32@CP1,native32,cp1,global_mean,0,-1.0771611340818354,-0.23238818535505393,-0.8447729487267815
native32@CP1,native32,cp1,global_mean,1,-0.6804920841034057,-0.7596217921466314,0.07912970804322572
native32@CP1,native32,cp1,global_mean,2,1.6810353189633542,1.4001051287409951,0.2809301902223591
native32@CP1,native32,cp1,pooled_bias,0,-1.1335534475558187,-0.23238818535505393,-0.9011652622007648
native32@CP1,native32,cp1,pooled_bias,1,-0.7123257575208489,-0.7596217921466314,0.04729603462578247
native32@CP1,native32,cp1,pooled_bias,2,1.7647383811782986,1.4001051287409951,0.3646332524373035
native32@CP1,native32,cp1,topology_ridge,0,-0.5427341702984991,-0.23238818535505393,-0.31034598494344523
native32@CP1,native32,cp1,topology_ridge,1,-0.74227017848921,-0.7596217921466314,0.01735161365742144
native32@CP1,native32,cp1,topology_ridge,2,1.5417366190839148,1.4001051287409951,0.14163149034291966
native32@CP1,native32,cp1,logit_ridge,0,-0.31478137039121334,-0.23238818535505393,-0.08239318503615942
native32@CP1,native32,cp1,logit_ridge,1,-0.7324079592590871,-0.7596217921466314,0.02721383288754431
native32@CP1,native32,cp1,logit_ridge,2,1.393061899638248,1.4001051287409951,-0.007043229102747128
native32@CP1,native32,cp1,combined_ridge,0,-0.3098309142538196,-0.23238818535505393,-0.07744272889876566
native32@CP1,native32,cp1,combined_ridge,1,-0.7652037246416933,-0.7596217921466314,-0.005581932495061892
native32@CP1,native32,cp1,combined_ridge,2,1.4203571377765882,1.4001051287409951,0.0202520090355931
native32@CP1,native32,cp1,oracle,0,-0.23238818535505393,-0.23238818535505393,0.0
native32@CP1,native32,cp1,oracle,1,-0.7596217921466314,-0.7596217921466314,0.0
native32@CP1,native32,cp1,oracle,2,1.4001051287409951,1.4001051287409951,0.0
native32@CP2,native32,cp2,identity,0,0.0,-0.9994458452601884,0.9994458452601884
native32@CP2,native32,cp2,identity,1,0.0,-0.09386599617365698,0.09386599617365698
native32@CP2,native32,cp2,identity,2,0.0,1.7063620819849359,-1.7063620819849359
native32@CP2,native32,cp2,global_mean,0,-1.0456909959678098,-0.9994458452601884,-0.04624515070762136
native32@CP2,native32,cp2,global_mean,1,-0.7070206769522897,-0.09386599617365698,-0.6131546807786327
native32@CP2,native32,cp2,global_mean,2,1.6687131832572744,1.7063620819849359,-0.03764889872766153
native32@CP2,native32,cp2,pooled_bias,0,-1.1012577976396034,-0.9994458452601884,-0.10181195237941498
native32@CP2,native32,cp2,pooled_bias,1,-0.7387938018378105,-0.09386599617365698,-0.6449278056641535
native32@CP2,native32,cp2,pooled_bias,2,1.7531977832024344,1.7063620819849359,0.04683570121749847
native32@CP2,native32,cp2,topology_ridge,0,-1.0143265497696354,-0.9994458452601884,-0.014880704509447007
native32@CP2,native32,cp2,topology_ridge,1,-0.26785368631953144,-0.09386599617365698,-0.17398769014587445
native32@CP2,native32,cp2,topology_ridge,2,1.7416965944647702,1.7063620819849359,0.035334512479834324
native32@CP2,native32,cp2,logit_ridge,0,-0.9871103746886025,-0.9994458452601884,0.012335470571585905
native32@CP2,native32,cp2,logit_ridge,1,-0.12500432763384406,-0.09386599617365698,-0.031138331460187074
native32@CP2,native32,cp2,logit_ridge,2,1.6847692565306425,1.7063620819849359,-0.02159282545429342
native32@CP2,native32,cp2,combined_ridge,0,-0.9720606741134503,-0.9994458452601884,0.027385171146738108
native32@CP2,native32,cp2,combined_ridge,1,-0.14371278067984483,-0.09386599617365698,-0.04984678450618785
native32@CP2,native32,cp2,combined_ridge,2,1.6860805476849285,1.7063620819849359,-0.020281534300007342
native32@CP2,native32,cp2,oracle,0,-0.9994458452601884,-0.9994458452601884,0.0
native32@CP2,native32,cp2,oracle,1,-0.09386599617365698,-0.09386599617365698,0.0
native32@CP2,native32,cp2,oracle,2,1.7063620819849359,1.7063620819849359,0.0
native32@CP3,native32,cp3,identity,0,0.0,0.1593704289460924,-0.1593704289460924
native32@CP3,native32,cp3,identity,1,0.0,-1.3035338546409536,1.3035338546409536
native32@CP3,native32,cp3,identity,2,0.0,1.0163048406857749,-1.0163048406857749
native32@CP3,native32,cp3,global_mean,0,-1.0933385654601515,0.1593704289460924,-1.252708994406244
native32@CP3,native32,cp3,global_mean,1,-0.6652969454240255,-1.3035338546409536,0.6382369092169281
native32@CP3,native32,cp3,global_mean,2,1.694217999348287,1.0163048406857749,0.6779131586625122
native32@CP3,native32,cp3,pooled_bias,0,-1.1457353471705602,0.1593704289460924,-1.3051057761166527
native32@CP3,native32,cp3,pooled_bias,1,-0.6972502274415442,-1.3035338546409536,0.6062836271994094
native32@CP3,native32,cp3,pooled_bias,2,1.778881132094182,1.0163048406857749,0.7625762914084071
native32@CP3,native32,cp3,topology_ridge,0,-0.11725042746530379,0.1593704289460924,-0.2766208564113962
native32@CP3,native32,cp3,topology_ridge,1,-0.8650923829198669,-1.3035338546409536,0.4384414717210867
native32@CP3,native32,cp3,topology_ridge,2,1.2983828132542439,1.0163048406857749,0.282077972568469
native32@CP3,native32,cp3,logit_ridge,0,0.1806763612490565,0.1593704289460924,0.021305932302964098
native32@CP3,native32,cp3,logit_ridge,1,-1.3422992921023122,-1.3035338546409536,-0.03876543746135863
native32@CP3,native32,cp3,logit_ridge,2,1.0260975036849362,1.0163048406857749,0.009792662999161372
native32@CP3,native32,cp3,combined_ridge,0,0.1772921162600578,0.1593704289460924,0.0179216873139654
native32@CP3,native32,cp3,combined_ridge,1,-1.28423736884395,-1.3035338546409536,0.019296485797003715
native32@CP3,native32,cp3,combined_ridge,2,1.0394317295714752,1.0163048406857749,0.02312688888570036
native32@CP3,native32,cp3,oracle,0,0.1593704289460924,0.1593704289460924,0.0
native32@CP3,native32,cp3,oracle,1,-1.3035338546409536,-1.3035338546409536,0.0
native32@CP3,native32,cp3,oracle,2,1.0163048406857749,1.0163048406857749,0.0
native32@CP4,native32,cp4,identity,0,0.0,-1.3125430827529956,1.3125430827529956
native32@CP4,native32,cp4,identity,1,0.0,0.3255057008524155,-0.3255057008524155
native32@CP4,native32,cp4,identity,2,0.0,1.7573647439519626,-1.7573647439519626
native32@CP4,native32,cp4,global_mean,0,-1.0337117419680613,-1.3125430827529956,0.2788313407849343
native32@CP4,native32,cp4,global_mean,1,-0.7273137487801442,0.3255057008524155,-1.0528194496325596
native32@CP4,native32,cp4,global_mean,2,1.667135978722965,1.7573647439519626,-0.0902287652289977
native32@CP4,native32,cp4,pooled_bias,0,-1.0874176778269269,-1.3125430827529956,0.2251254049260687
native32@CP4,native32,cp4,pooled_bias,1,-0.7577668512178292,0.3255057008524155,-1.0832725520702446
native32@CP4,native32,cp4,pooled_bias,2,1.7499231117222724,1.7573647439519626,-0.007441632229690187
native32@CP4,native32,cp4,topology_ridge,0,-1.169977857401159,-1.3125430827529956,0.14256522535183658
native32@CP4,native32,cp4,topology_ridge,1,0.1399861573152944,0.3255057008524155,-0.18551954353712108
native32@CP4,native32,cp4,topology_ridge,2,1.7257908990408093,1.7573647439519626,-0.03157384491115334
native32@CP4,native32,cp4,logit_ridge,0,-1.2813262437566195,-1.3125430827529956,0.031216838996376062
native32@CP4,native32,cp4,logit_ridge,1,0.2606244836136411,0.3255057008524155,-0.06488121723877438
native32@CP4,native32,cp4,logit_ridge,2,1.7804926807097343,1.7573647439519626,0.023127936757771694
native32@CP4,native32,cp4,combined_ridge,0,-1.2693239552968067,-1.3125430827529956,0.04321912745618883
native32@CP4,native32,cp4,combined_ridge,1,0.2775106660685668,0.3255057008524155,-0.0479950347838487
native32@CP4,native32,cp4,combined_ridge,2,1.7770651894674012,1.7573647439519626,0.01970044551543859
native32@CP4,native32,cp4,oracle,0,-1.3125430827529956,-1.3125430827529956,0.0
native32@CP4,native32,cp4,oracle,1,0.3255057008524155,0.3255057008524155,0.0
native32@CP4,native32,cp4,oracle,2,1.7573647439519626,1.7573647439519626,0.0
native32@CP5,native32,cp5,identity,0,0.0,0.1219303739676091,-0.1219303739676091
native32@CP5,native32,cp5,identity,1,0.0,-1.0827052073332724,1.0827052073332724
native32@CP5,native32,cp5,identity,2,0.0,1.1454855891446274,-1.1454855891446274
native32@CP5,native32,cp5,global_mean,0,-1.0802336599591789,0.1219303739676091,-1.202164033926788
native32@CP5,native32,cp5,global_mean,1,-0.6923997600991623,-1.0827052073332724,0.3903054472341101
native32@CP5,native32,cp5,global_mean,2,1.6821195158380078,1.1454855891446274,0.5366339266933804
native32@CP5,native32,cp5,pooled_bias,0,-1.1291101929203737,0.1219303739676091,-1.251040566887983
native32@CP5,native32,cp5,pooled_bias,1,-0.7281590672659952,-1.0827052073332724,0.35454614006727714
native32@CP5,native32,cp5,pooled_bias,2,1.7663287410889528,1.1454855891446274,0.6208431519443254
native32@CP5,native32,cp5,topology_ridge,0,0.5470137852976689,0.1219303739676091,0.4250834113300598
native32@CP5,native32,cp5,topology_ridge,1,-0.9268211371958228,-1.0827052073332724,0.15588407013744954
native32@CP5,native32,cp5,topology_ridge,2,0.8290927853835706,1.1454855891446274,-0.31639280376105683
native32@CP5,native32,cp5,logit_ridge,0,0.08675805845041529,0.1219303739676091,-0.03517231551719381
native32@CP5,native32,cp5,logit_ridge,1,-1.0653009334036692,-1.0827052073332724,0.017404273929603198
native32@CP5,native32,cp5,logit_ridge,2,1.1715602910369074,1.1454855891446274,0.026074701892280006
native32@CP5,native32,cp5,combined_ridge,0,0.1042889512226004,0.1219303739676091,-0.017641422745008697
native32@CP5,native32,cp5,combined_ridge,1,-1.0698646268005567,-1.0827052073332724,0.01284058053271564
native32@CP5,native32,cp5,combined_ridge,2,1.1458398627868722,1.1454855891446274,0.00035427364224482893
native32@CP5,native32,cp5,oracle,0,0.1219303739676091,0.1219303739676091,0.0
native32@CP5,native32,cp5,oracle,1,-1.0827052073332724,-1.0827052073332724,0.0
native32@CP5,native32,cp5,oracle,2,1.1454855891446274,1.1454855891446274,0.0
native32@CP6,native32,cp6,identity,0,0.0,-1.2469732874633859,1.2469732874633859
native32@CP6,native32,cp6,identity,1,0.0,0.3792202409144226,-0.3792202409144226
native32@CP6,native32,cp6,identity,2,0.0,1.8121184277438473,-1.8121184277438473
native32@CP6,native32,cp6,global_mean,0,-1.0522968505422199,-1.2469732874633859,0.19467643692116599
native32@CP6,native32,cp6,global_mean,1,-0.722234973328707,0.3792202409144226,-1.1014552142431295
native32@CP6,native32,cp6,global_mean,2,1.6685147640298603,1.8121184277438473,-0.14360366371398703
native32@CP6,native32,cp6,pooled_bias,0,-1.112374615199999,-1.2469732874633859,0.13459867226338695
native32@CP6,native32,cp6,pooled_bias,1,-0.7499071862912765,0.3792202409144226,-1.129127427205699
native32@CP6,native32,cp6,pooled_bias,2,1.7514454146167535,1.8121184277438473,-0.06067301312709383
native32@CP6,native32,cp6,topology_ridge,0,-1.3068948306959198,-1.2469732874633859,-0.05992154323253396
native32@CP6,native32,cp6,topology_ridge,1,0.8380524813551476,0.3792202409144226,0.45883224044072507
native32@CP6,native32,cp6,topology_ridge,2,1.5721512209216484,1.8121184277438473,-0.23996720682219896
native32@CP6,native32,cp6,logit_ridge,0,-1.2383886300788824,-1.2469732874633859,0.008584657384503425
native32@CP6,native32,cp6,logit_ridge,1,0.32655039448374124,0.3792202409144226,-0.052669846430681344
native32@CP6,native32,cp6,logit_ridge,2,1.8412015084042723,1.8121184277438473,0.029083080660424976
native32@CP6,native32,cp6,combined_ridge,0,-1.2798646352931486,-1.2469732874633859,-0.032891347829762774
native32@CP6,native32,cp6,combined_ridge,1,0.4272776419745665,0.3792202409144226,0.048057401060143945
native32@CP6,native32,cp6,combined_ridge,2,1.8144222811852273,1.8121184277438473,0.002303853441379955
native32@CP6,native32,cp6,oracle,0,-1.2469732874633859,-1.2469732874633859,0.0
native32@CP6,native32,cp6,oracle,1,0.3792202409144226,0.3792202409144226,0.0
native32@CP6,native32,cp6,oracle,2,1.8121184277438473,1.8121184277438473,0.0
native32@CPz,native32,cpz,identity,0,0.0,-0.7203639019673224,0.7203639019673224
native32@CPz,native32,cpz,identity,1,0.0,-0.2898058054600111,0.2898058054600111
native32@CPz,native32,cpz,identity,2,0.0,1.662170559332416,-1.662170559332416
native32@CPz,native32,cpz,global_mean,0,-1.0555178024730256,-0.7203639019673224,-0.33515390050570326
native32@CPz,native32,cpz,global_mean,1,-0.7016644826003812,-0.2898058054600111,-0.41185867714037006
native32@CPz,native32,cpz,global_mean,2,1.6689549022010615,1.662170559332416,0.006784342868645377
native32@CPz,native32,cpz,pooled_bias,0,-1.1115432026977035,-0.7203639019673224,-0.3911793007303811
native32@CPz,native32,cpz,pooled_bias,1,-0.7338476797093467,-0.2898058054600111,-0.4440418742493356
native32@CPz,native32,cpz,pooled_bias,2,1.7543812356257509,1.662170559332416,0.09221067629333479
native32@CPz,native32,cpz,topology_ridge,0,-0.7765834801050848,-0.7203639019673224,-0.05621957813776246
native32@CPz,native32,cpz,topology_ridge,1,-0.5121337770530648,-0.2898058054600111,-0.22232797159305373
native32@CPz,native32,cpz,topology_ridge,2,1.6452319435839617,1.662170559332416,-0.016938615748454344
native32@CPz,native32,cpz,logit_ridge,0,-0.7115078580956367,-0.7203639019673224,0.008856043871685704
native32@CPz,native32,cpz,logit_ridge,1,-0.29235766153708814,-0.2898058054600111,-0.0025518560770770304
native32@CPz,native32,cpz,logit_ridge,2,1.6208833274064147,1.662170559332416,-0.041287231926001366
native32@CPz,native32,cpz,combined_ridge,0,-0.7200736490739938,-0.7203639019673224,0.0002902528933285131
native32@CPz,native32,cpz,combined_ridge,1,-0.36316326069462945,-0.2898058054600111,-0.07335745523461834
native32@CPz,native32,cpz,combined_ridge,2,1.6434104962796376,1.662170559332416,-0.018760063052778442
native32@CPz,native32,cpz,oracle,0,-0.7203639019673224,-0.7203639019673224,0.0
native32@CPz,native32,cpz,oracle,1,-0.2898058054600111,-0.2898058054600111,0.0
native32@CPz,native32,cpz,oracle,2,1.662170559332416,1.662170559332416,0.0
native32@Cz,native32,cz,identity,0,0.0,-0.8481429601155185,0.8481429601155185
native32@Cz,native32,cz,identity,1,0.0,-0.5953986962585368,0.5953986962585368
native32@Cz,native32,cz,identity,2,0.0,1.6638140563941755,-1.6638140563941755
native32@Cz,native32,cz,global_mean,0,-1.0498150339410095,-0.8481429601155185,-0.20167207382549102
native32@Cz,native32,cz,global_mean,1,-0.6863930031366815,-0.5953986962585368,-0.09099430687814469
native32@Cz,native32,cz,global_mean,2,1.6687817096354385,1.6638140563941755,0.004967653241263026
native32@Cz,native32,cz,pooled_bias,0,-1.1065712588823007,-0.8481429601155185,-0.2584282987667822
native32@Cz,native32,cz,pooled_bias,1,-0.717244114197711,-0.5953986962585368,-0.12184541793917414
native32@Cz,native32,cz,pooled_bias,2,1.7522133595248943,1.6638140563941755,0.08839930313071886
native32@Cz,native32,cz,topology_ridge,0,-0.9958680676744004,-0.8481429601155185,-0.1477251075588819
native32@Cz,native32,cz,topology_ridge,1,-0.5352131980080727,-0.5953986962585368,0.06018549825046415
native32@Cz,native32,cz,topology_ridge,2,1.7212250361473218,1.6638140563941755,0.05741097975314635
native32@Cz,native32,cz,logit_ridge,0,-0.8477259166368964,-0.8481429601155185,0.0004170434786220367
native32@Cz,native32,cz,logit_ridge,1,-0.5696206746844494,-0.5953986962585368,0.025778021574087373
native32@Cz,native32,cz,logit_ridge,2,1.652943878332596,1.6638140563941755,-0.010870178061579416
native32@Cz,native32,cz,combined_ridge,0,-0.8829012698618186,-0.8481429601155185,-0.03475830974630012
native32@Cz,native32,cz,combined_ridge,1,-0.565100650266114,-0.5953986962585368,0.030298045992422806
native32@Cz,native32,cz,combined_ridge,2,1.6725860441801752,1.6638140563941755,0.008771987785999746
native32@Cz,native32,cz,oracle,0,-0.8481429601155185,-0.8481429601155185,0.0
native32@Cz,native32,cz,oracle,1,-0.5953986962585368,-0.5953986962585368,0.0
native32@Cz,native32,cz,oracle,2,1.6638140563941755,1.6638140563941755,0.0
native32@F1,native32,f1,identity,0,0.0,-1.164292026598031,1.164292026598031
native32@F1,native32,f1,identity,1,0.0,-1.0172439795383192,1.0172439795383192
native32@F1,native32,f1,identity,2,0.0,1.9388659693409869,-1.9388659693409869
native32@F1,native32,f1,global_mean,0,-1.0539842232129413,-1.164292026598031,0.11030780338508972
native32@F1,native32,f1,global_mean,1,-0.6937357035235492,-1.0172439795383192,0.32350827601477006
native32@F1,native32,f1,global_mean,2,1.6659280795074696,1.9388659693409869,-0.2729378898335173
native32@F1,native32,f1,pooled_bias,0,-1.1095305804904732,-1.164292026598031,0.05476144610755784
native32@F1,native32,f1,pooled_bias,1,-0.7262193629854096,-1.0172439795383192,0.2910246165529097
native32@F1,native32,f1,pooled_bias,2,1.7514910982091776,1.9388659693409869,-0.18737487113180928
native32@F1,native32,f1,topology_ridge,0,-1.0465872678475487,-1.164292026598031,0.11770475875048225
native32@F1,native32,f1,topology_ridge,1,-0.9528631212423253,-1.0172439795383192,0.06438085829599394
native32@F1,native32,f1,topology_ridge,2,1.9899618385343292,1.9388659693409869,0.0510958691933423
native32@F1,native32,f1,logit_ridge,0,-1.1785194797656093,-1.164292026598031,-0.014227453167578341
native32@F1,native32,f1,logit_ridge,1,-0.9878397168943244,-1.0172439795383192,0.029404262643994872
native32@F1,native32,f1,logit_ridge,2,1.9368678821158982,1.9388659693409869,-0.0019980872250886517
native32@F1,native32,f1,combined_ridge,0,-1.1569676710326224,-1.164292026598031,0.007324355565408558
native32@F1,native32,f1,combined_ridge,1,-0.9884224976888314,-1.0172439795383192,0.02882148184948785
native32@F1,native32,f1,combined_ridge,2,1.96736929558908,1.9388659693409869,0.028503326248093153
native32@F1,native32,f1,oracle,0,-1.164292026598031,-1.164292026598031,0.0
native32@F1,native32,f1,oracle,1,-1.0172439795383192,-1.0172439795383192,0.0
native32@F1,native32,f1,oracle,2,1.9388659693409869,1.9388659693409869,0.0
native32@F2,native32,f2,identity,0,0.0,-1.9295404069891977,1.9295404069891977
native32@F2,native32,f2,identity,1,0.0,-0.7597160782765774,0.7597160782765774
native32@F2,native32,f2,identity,2,0.0,2.365673156429123,-2.365673156429123
native32@F2,native32,f2,global_mean,0,-1.0383669093274073,-1.9295404069891977,0.8911734976617904
native32@F2,native32,f2,global_mean,1,-0.6989913749778703,-0.7597160782765774,0.06072470329870705
native32@F2,native32,f2,global_mean,2,1.657217728750569,2.365673156429123,-0.7084554276785542
native32@F2,native32,f2,pooled_bias,0,-1.0922568027988337,-1.9295404069891977,0.837283604190364
native32@F2,native32,f2,pooled_bias,1,-0.7322150038871615,-0.7597160782765774,0.027501074389415847
native32@F2,native32,f2,pooled_bias,2,1.7433231911585663,2.365673156429123,-0.6223499652705569
native32@F2,native32,f2,topology_ridge,0,-1.8026200661095384,-1.9295404069891977,0.1269203408796593
native32@F2,native32,f2,topology_ridge,1,-0.4678668160259347,-0.7597160782765774,0.29184926225064267
native32@F2,native32,f2,topology_ridge,2,2.0587281105727255,2.365673156429123,-0.3069450458563976
native32@F2,native32,f2,logit_ridge,0,-1.901562827461945,-1.9295404069891977,0.02797757952725277
native32@F2,native32,f2,logit_ridge,1,-0.7679326550324728,-0.7597160782765774,-0.008216576755895377
native32@F2,native32,f2,logit_ridge,2,2.3260456442803243,2.365673156429123,-0.03962751214879878
native32@F2,native32,f2,combined_ridge,0,-1.9145053986680305,-1.9295404069891977,0.01503500832116722
native32@F2,native32,f2,combined_ridge,1,-0.767965413017774,-0.7597160782765774,-0.008249334741196601
native32@F2,native32,f2,combined_ridge,2,2.3348569568975948,2.365673156429123,-0.030816199531528365
native32@F2,native32,f2,oracle,0,-1.9295404069891977,-1.9295404069891977,0.0
native32@F2,native32,f2,oracle,1,-0.7597160782765774,-0.7597160782765774,0.0
native32@F2,native32,f2,oracle,2,2.365673156429123,2.365673156429123,0.0
native32@F3,native32,f3,identity,0,0.0,-0.7994977076955129,0.7994977076955129
native32@F3,native32,f3,identity,1,0.0,-0.9962313864891085,0.9962313864891085
native32@F3,native32,f3,identity,2,0.0,1.8245772574100334,-1.8245772574100334
native32@F3,native32,f3,global_mean,0,-1.06142900523136,-0.7994977076955129,-0.2619312975358471
native32@F3,native32,f3,global_mean,1,-0.6941645319531248,-0.9962313864891085,0.3020668545359837
native32@F3,native32,f3,global_mean,2,1.6682605021999382,1.8245772574100334,-0.15631675521009525
native32@F3,native32,f3,pooled_bias,0,-1.1165401904288796,-0.7994977076955129,-0.31704248273336677
native32@F3,native32,f3,pooled_bias,1,-0.7273882389589654,-0.9962313864891085,0.26884314753014305
native32@F3,native32,f3,pooled_bias,2,1.7534883726491095,1.8245772574100334,-0.0710888847609239
native32@F3,native32,f3,topology_ridge,0,-0.4056441036091165,-0.7994977076955129,0.39385360408639636
native32@F3,native32,f3,topology_ridge,1,-1.195854040212612,-0.9962313864891085,-0.19962265372350363
native32@F3,native32,f3,topology_ridge,2,1.783243005092065,1.8245772574100334,-0.0413342523179685
native32@F3,native32,f3,logit_ridge,0,-0.7911419593781654,-0.7994977076955129,0.008355748317347422
native32@F3,native32,f3,logit_ridge,1,-0.9504939249323552,-0.9962313864891085,0.04573746155675329
native32@F3,native32,f3,logit_ridge,2,1.7991933059683147,1.8245772574100334,-0.025383951441718677
native32@F3,native32,f3,combined_ridge,0,-0.6628616799913047,-0.7994977076955129,0.13663602770420813
native32@F3,native32,f3,combined_ridge,1,-1.0192602219669709,-0.9962313864891085,-0.023028835477862386
native32@F3,native32,f3,combined_ridge,2,1.8042533025582177,1.8245772574100334,-0.020323954851815706
native32@F3,native32,f3,oracle,0,-0.7994977076955129,-0.7994977076955129,0.0
native32@F3,native32,f3,oracle,1,-0.9962313864891085,-0.9962313864891085,0.0
native32@F3,native32,f3,oracle,2,1.8245772574100334,1.8245772574100334,0.0
native32@F4,native32,f4,identity,0,0.0,-1.9452188545222369,1.9452188545222369
native32@F4,native32,f4,identity,1,0.0,-0.7182631277283407,0.7182631277283407
native32@F4,native32,f4,identity,2,0.0,2.4305383665140248,-2.4305383665140248
native32@F4,native32,f4,global_mean,0,-1.0380469410104065,-1.9452188545222369,0.9071719135118304
native32@F4,native32,f4,global_mean,1,-0.6998373535604875,-0.7182631277283407,0.01842577416785318
native32@F4,native32,f4,global_mean,2,1.6558939489529179,2.4305383665140248,-0.7746444175611069
native32@F4,native32,f4,pooled_bias,0,-1.0918123905331372,-1.9452188545222369,0.8534064639890997
native32@F4,native32,f4,pooled_bias,1,-0.7334094379806408,-0.7182631277283407,-0.015146310252300177
native32@F4,native32,f4,pooled_bias,2,1.7421955691562079,2.4305383665140248,-0.6883427973578169
native32@F4,native32,f4,topology_ridge,0,-2.2572687275484498,-1.9452188545222369,-0.3120498730262129
native32@F4,native32,f4,topology_ridge,1,0.03990259290185849,-0.7182631277283407,0.7581657206301992
native32@F4,native32,f4,topology_ridge,2,1.9468917373571923,2.4305383665140248,-0.48364662915683243
native32@F4,native32,f4,logit_ridge,0,-1.9217993511521327,-1.9452188545222369,0.023419503370104122
native32@F4,native32,f4,logit_ridge,1,-0.7213742028785429,-0.7182631277283407,-0.0031110751502022582
native32@F4,native32,f4,logit_ridge,2,2.371726298597175,2.4305383665140248,-0.058812067916849564
native32@F4,native32,f4,combined_ridge,0,-2.091505992906498,-1.9452188545222369,-0.14628713838426122
native32@F4,native32,f4,combined_ridge,1,-0.5421142228790597,-0.7182631277283407,0.17614890484928092
native32@F4,native32,f4,combined_ridge,2,2.327259447851307,2.4305383665140248,-0.10327891866271788
native32@F4,native32,f4,oracle,0,-1.9452188545222369,-1.9452188545222369,0.0
native32@F4,native32,f4,oracle,1,-0.7182631277283407,-0.7182631277283407,0.0
native32@F4,native32,f4,oracle,2,2.4305383665140248,2.4305383665140248,0.0
native32@FC1,native32,fc1,identity,0,0.0,-0.643153634809031,0.643153634809031
native32@FC1,native32,fc1,identity,1,0.0,-0.8313993323859471,0.8313993323859471
native32@FC1,native32,fc1,identity,2,0.0,1.6831119127842178,-1.6831119127842178
native32@FC1,native32,fc1,global_mean,0,-1.0604257841174027,-0.643153634809031,-0.41727214930837175
native32@FC1,native32,fc1,global_mean,1,-0.679613182858477,-0.8313993323859471,0.15178614952747005
native32@FC1,native32,fc1,global_mean,2,1.6689843887573808,1.6831119127842178,-0.014127524026837035
native32@FC1,native32,fc1,pooled_bias,0,-1.1178850192118939,-0.643153634809031,-0.4747313844028629
native32@FC1,native32,fc1,pooled_bias,1,-0.708111994246857,-0.8313993323859471,0.1232873381390901
native32@FC1,native32,fc1,pooled_bias,2,1.75298182496146,1.6831119127842178,0.06986991217724214
native32@FC1,native32,fc1,topology_ridge,0,-0.8193690208216289,-0.643153634809031,-0.1762153860125979
native32@FC1,native32,fc1,topology_ridge,1,-0.8898764351929959,-0.8313993323859471,-0.058477102807048764
native32@FC1,native32,fc1,topology_ridge,2,1.7743438873856034,1.6831119127842178,0.09123197460138566
native32@FC1,native32,fc1,logit_ridge,0,-0.6929790448847435,-0.643153634809031,-0.049825410075712506
native32@FC1,native32,fc1,logit_ridge,1,-0.7833364847498698,-0.8313993323859471,0.048062847636077266
native32@FC1,native32,fc1,logit_ridge,2,1.6730130759619855,1.6831119127842178,-0.010098836822232338
native32@FC1,native32,fc1,combined_ridge,0,-0.697663758915537,-0.643153634809031,-0.05451012410650602
native32@FC1,native32,fc1,combined_ridge,1,-0.7663477576652767,-0.8313993323859471,0.06505157472067036
native32@FC1,native32,fc1,combined_ridge,2,1.6721325805291927,1.6831119127842178,-0.01097933225502512
native32@FC1,native32,fc1,oracle,0,-0.643153634809031,-0.643153634809031,0.0
native32@FC1,native32,fc1,oracle,1,-0.8313993323859471,-0.8313993323859471,0.0
native32@FC1,native32,fc1,oracle,2,1.6831119127842178,1.6831119127842178,0.0
native32@FC2,native32,fc2,identity,0,0.0,-1.6514204328602593,1.6514204328602593
native32@FC2,native32,fc2,identity,1,0.0,-0.285541576176965,0.285541576176965
native32@FC2,native32,fc2,identity,2,0.0,1.9383652328070928,-1.9383652328070928
native32@FC2,native32,fc2,global_mean,0,-1.0121384145182482,-1.6514204328602593,0.6392820183420111
native32@FC2,native32,fc2,global_mean,1,-0.6985767159266533,-0.285541576176965,-0.41303513974968825
native32@FC2,native32,fc2,global_mean,2,1.6538630884649346,1.9383652328070928,-0.28450214434215826
native32@FC2,native32,fc2,pooled_bias,0,-1.0584576513786244,-1.6514204328602593,0.592962781481635
native32@FC2,native32,fc2,pooled_bias,1,-0.7368425742183937,-0.285541576176965,-0.4513009980414287
native32@FC2,native32,fc2,pooled_bias,2,1.7346995637883826,1.9383652328070928,-0.2036656690187102
native32@FC2,native32,fc2,topology_ridge,0,-1.4304697030935007,-1.6514204328602593,0.22095072976675856
native32@FC2,native32,fc2,topology_ridge,1,-0.4284607404717425,-0.285541576176965,-0.14291916429477747
native32@FC2,native32,fc2,topology_ridge,2,1.9055744367578862,1.9383652328070928,-0.03279079604920665
native32@FC2,native32,fc2,logit_ridge,0,-1.6294643401262063,-1.6514204328602593,0.021956092734052968
native32@FC2,native32,fc2,logit_ridge,1,-0.2898270490748237,-0.285541576176965,-0.004285472897858689
native32@FC2,native32,fc2,logit_ridge,2,1.935807793009753,1.9383652328070928,-0.0025574397973398
native32@FC2,native32,fc2,combined_ridge,0,-1.6131916382238733,-1.6514204328602593,0.038228794636385954
native32@FC2,native32,fc2,combined_ridge,1,-0.3021640360464431,-0.285541576176965,-0.01662245986947808
native32@FC2,native32,fc2,combined_ridge,2,1.9386187597154618,1.9383652328070928,0.00025352690836899505
native32@FC2,native32,fc2,oracle,0,-1.6514204328602593,-1.6514204328602593,0.0
native32@FC2,native32,fc2,oracle,1,-0.285541576176965,-0.285541576176965,0.0
native32@FC2,native32,fc2,oracle,2,1.9383652328070928,1.9383652328070928,0.0
native32@FC3,native32,fc3,identity,0,0.0,-0.17615742549699495,0.17615742549699495
native32@FC3,native32,fc3,identity,1,0.0,-1.132186649303404,1.132186649303404
native32@FC3,native32,fc3,identity,2,0.0,1.570338057126619,-1.570338057126619
native32@FC3,native32,fc3,global_mean,0,-1.0914983948566277,-0.17615742549699495,-0.9153409693596327
native32@FC3,native32,fc3,global_mean,1,-0.6730411976883616,-1.132186649303404,0.4591454516150425
native32@FC3,native32,fc3,global_mean,2,1.6839794549376024,1.570338057126619,0.11364139781098337
native32@FC3,native32,fc3,pooled_bias,0,-1.1462925352201463,-0.17615742549699495,-0.9701351097231513
native32@FC3,native32,fc3,pooled_bias,1,-0.7032927252841548,-1.132186649303404,0.4288939240192493
native32@FC3,native32,fc3,pooled_bias,2,1.7694561054702527,1.570338057126619,0.19911804834363367
native32@FC3,native32,fc3,topology_ridge,0,-0.35673557716683935,-0.17615742549699495,-0.1805781516698444
native32@FC3,native32,fc3,topology_ridge,1,-1.0628987438347677,-1.132186649303404,0.06928790546863639
native32@FC3,native32,fc3,topology_ridge,2,1.584128901595993,1.570338057126619,0.013790844469373953
native32@FC3,native32,fc3,logit_ridge,0,-0.2808965349058892,-0.17615742549699495,-0.10473910940889422
native32@FC3,native32,fc3,logit_ridge,1,-1.1235582579011187,-1.132186649303404,0.00862839140228533
native32@FC3,native32,fc3,logit_ridge,2,1.598982428810737,1.570338057126619,0.028644371684118042
native32@FC3,native32,fc3,combined_ridge,0,-0.275402525671279,-0.17615742549699495,-0.09924510017428403
native32@FC3,native32,fc3,combined_ridge,1,-1.123404185696765,-1.132186649303404,0.008782463606639146
native32@FC3,native32,fc3,combined_ridge,2,1.6071869214847854,1.570338057126619,0.03684886435816637
native32@FC3,native32,fc3,oracle,0,-0.17615742549699495,-0.17615742549699495,0.0
native32@FC3,native32,fc3,oracle,1,-1.132186649303404,-1.132186649303404,0.0
native32@FC3,native32,fc3,oracle,2,1.570338057126619,1.570338057126619,0.0
native32@FC4,native32,fc4,identity,0,0.0,-1.91334226878351,1.91334226878351
native32@FC4,native32,fc4,identity,1,0.0,0.15496456674800374,-0.15496456674800374
native32@FC4,native32,fc4,identity,2,0.0,1.8917159618098713,-1.8917159618098713
native32@FC4,native32,fc4,global_mean,0,-1.0130292145509243,-1.91334226878351,0.9003130542325857
native32@FC4,native32,fc4,global_mean,1,-0.7236088289257401,0.15496456674800374,-0.8785733956737438
native32@FC4,native32,fc4,global_mean,2,1.6632990972378952,1.8917159618098713,-0.22841686457197619
native32@FC4,native32,fc4,pooled_bias,0,-1.0597722971997252,-1.91334226878351,0.8535699715837848
native32@FC4,native32,fc4,pooled_bias,1,-0.7596390168354885,0.15496456674800374,-0.9146035835834923
native32@FC4,native32,fc4,pooled_bias,2,1.7451973061509265,1.8917159618098713,-0.14651865565894484
native32@FC4,native32,fc4,topology_ridge,0,-1.7445469986437336,-1.91334226878351,0.16879527013977635
native32@FC4,native32,fc4,topology_ridge,1,-0.08963123989816402,0.15496456674800374,-0.24459580664616776
native32@FC4,native32,fc4,topology_ridge,2,1.8968626498195573,1.8917159618098713,0.005146688009685985
native32@FC4,native32,fc4,logit_ridge,0,-1.8965598595051572,-1.91334226878351,0.01678240927835284
native32@FC4,native32,fc4,logit_ridge,1,0.12242726722530217,0.15496456674800374,-0.03253729952270157
native32@FC4,native32,fc4,logit_ridge,2,1.8940885534935967,1.8917159618098713,0.002372591683725389
native32@FC4,native32,fc4,combined_ridge,0,-1.8879808168930916,-1.91334226878351,0.025361451890418385
native32@FC4,native32,fc4,combined_ridge,1,0.10738281255541682,0.15496456674800374,-0.04758175419258692
native32@FC4,native32,fc4,combined_ridge,2,1.8979500587952973,1.8917159618098713,0.006234096985425985
native32@FC4,native32,fc4,oracle,0,-1.91334226878351,-1.91334226878351,0.0
native32@FC4,native32,fc4,oracle,1,0.15496456674800374,0.15496456674800374,0.0
native32@FC4,native32,fc4,oracle,2,1.8917159618098713,1.8917159618098713,0.0
native32@FC5,native32,fc5,identity,0,0.0,0.2779430354888752,-0.2779430354888752
native32@FC5,native32,fc5,identity,1,0.0,-0.6651567282753723,0.6651567282753723
native32@FC5,native32,fc5,identity,2,0.0,1.144221742719691,-1.144221742719691
native32@FC5,native32,fc5,global_mean,0,-1.0834175918269597,0.2779430354888752,-1.361360627315835
native32@FC5,native32,fc5,global_mean,1,-0.7009211576309562,-0.6651567282753723,-0.03576442935558388
native32@FC5,native32,fc5,global_mean,2,1.68214530862219,1.144221742719691,0.537923565902499
native32@FC5,native32,fc5,pooled_bias,0,-1.1356856697823323,0.2779430354888752,-1.4136287052712075
native32@FC5,native32,fc5,pooled_bias,1,-0.7380577012649422,-0.6651567282753723,-0.07290097298956988
native32@FC5,native32,fc5,pooled_bias,2,1.7658041746093838,1.144221742719691,0.6215824318896928
native32@FC5,native32,fc5,topology_ridge,0,0.3581777734505125,0.2779430354888752,0.08023473796163727
native32@FC5,native32,fc5,topology_ridge,1,-1.2541429966135111,-0.6651567282753723,-0.5889862683381388
native32@FC5,native32,fc5,topology_ridge,2,1.2689516352456938,1.144221742719691,0.12472989252600275
native32@FC5,native32,fc5,logit_ridge,0,0.3287920276444434,0.2779430354888752,0.05084899215556815
native32@FC5,native32,fc5,logit_ridge,1,-0.6029717113328951,-0.6651567282753723,0.062185016942477245
native32@FC5,native32,fc5,logit_ridge,2,1.0323629048715373,1.144221742719691,-0.11185883784815376
native32@FC5,native32,fc5,combined_ridge,0,0.4263684180352476,0.2779430354888752,0.1484253825463724
native32@FC5,native32,fc5,combined_ridge,1,-0.6423385867849524,-0.6651567282753723,0.02281814149041994
native32@FC5,native32,fc5,combined_ridge,2,1.0536517950157327,1.144221742719691,-0.09056994770395832
native32@FC5,native32,fc5,oracle,0,0.2779430354888752,0.2779430354888752,0.0
native32@FC5,native32,fc5,oracle,1,-0.6651567282753723,-0.6651567282753723,0.0
native32@FC5,native32,fc5,oracle,2,1.144221742719691,1.144221742719691,0.0
native32@FC6,native32,fc6,identity,0,0.0,-1.5366433526346162,1.5366433526346162
native32@FC6,native32,fc6,identity,1,0.0,0.7231987480284104,-0.7231987480284104
native32@FC6,native32,fc6,identity,2,0.0,1.247752948860808,-1.247752948860808
native32@FC6,native32,fc6,global_mean,0,-1.0463852165591336,-1.5366433526346162,0.4902581360754825
native32@FC6,native32,fc6,global_mean,1,-0.7292549428616455,0.7231987480284104,-1.452453690890056
native32@FC6,native32,fc6,global_mean,2,1.6800324268642082,1.247752948860808,0.4322794780034003
native32@FC6,native32,fc6,pooled_bias,0,-1.1056254828913936,-1.5366433526346162,0.43101786974322254
native32@FC6,native32,fc6,pooled_bias,1,-0.755600368921525,0.7231987480284104,-1.4787991169499355
native32@FC6,native32,fc6,pooled_bias,2,1.7638854597194666,1.247752948860808,0.5161325108586587
native32@FC6,native32,fc6,topology_ridge,0,-2.1461785590023785,-1.5366433526346162,-0.6095352063677624
native32@FC6,native32,fc6,topology_ridge,1,0.4084938832510111,0.7231987480284104,-0.31470486477739934
native32@FC6,native32,fc6,topology_ridge,2,1.9803610223300052,1.247752948860808,0.7326080734691973
native32@FC6,native32,fc6,logit_ridge,0,-1.3903646376673948,-1.5366433526346162,0.14627871496722133
native32@FC6,native32,fc6,logit_ridge,1,0.6407349845078895,0.7231987480284104,-0.08246376352052098
native32@FC6,native32,fc6,logit_ridge,2,1.238763151989277,1.247752948860808,-0.008989796871530897
native32@FC6,native32,fc6,combined_ridge,0,-1.4823690952842314,-1.5366433526346162,0.054274257350384714
native32@FC6,native32,fc6,combined_ridge,1,0.7174342725745435,0.7231987480284104,-0.005764475453866935
native32@FC6,native32,fc6,combined_ridge,2,1.2767173190650387,1.247752948860808,0.028964370204230816
native32@FC6,native32,fc6,oracle,0,-1.5366433526346162,-1.5366433526346162,0.0
native32@FC6,native32,fc6,oracle,1,0.7231987480284104,0.7231987480284104,0.0
native32@FC6,native32,fc6,oracle,2,1.247752948860808,1.247752948860808,0.0
native32@Fz,native32,fz,identity,0,0.0,-1.613138837769183,1.613138837769183
native32@Fz,native32,fz,identity,1,0.0,-0.9341981073945163,0.9341981073945163
native32@Fz,native32,fz,identity,2,0.0,2.079441449893236,-2.079441449893236
native32@Fz,native32,fz,global_mean,0,-1.0318908595876988,-1.613138837769183,0.5812479781814843
native32@Fz,native32,fz,global_mean,1,-0.687977994631618,-0.9341981073945163,0.24622011276289824
native32@Fz,native32,fz,global_mean,2,1.6584992467461153,2.079441449893236,-0.42094220314712083
native32@Fz,native32,fz,pooled_bias,0,-1.0839187829342285,-1.613138837769183,0.5292200548349546
native32@Fz,native32,fz,pooled_bias,1,-0.7201961992798402,-0.9341981073945163,0.214001908114676
native32@Fz,native32,fz,pooled_bias,2,1.7434782134052762,2.079441449893236,-0.3359632364879599
native32@Fz,native32,fz,topology_ridge,0,-1.4694002279318044,-1.613138837769183,0.14373860983737874
native32@Fz,native32,fz,topology_ridge,1,-0.6752444457872872,-0.9341981073945163,0.2589536616072291
native32@Fz,native32,fz,topology_ridge,2,2.1003792241374426,2.079441449893236,0.02093777424420651
native32@Fz,native32,fz,logit_ridge,0,-1.5906545487709018,-1.613138837769183,0.022484288998281254
native32@Fz,native32,fz,logit_ridge,1,-0.9376496392266293,-0.9341981073945163,-0.0034515318321129973
native32@Fz,native32,fz,logit_ridge,2,2.059497335291998,2.079441449893236,-0.019944114601238017
native32@Fz,native32,fz,combined_ridge,0,-1.5833424502776374,-1.613138837769183,0.029796387491545673
native32@Fz,native32,fz,combined_ridge,1,-0.9664522007953191,-0.9341981073945163,-0.032254093400802875
native32@Fz,native32,fz,combined_ridge,2,2.1103366891812483,2.079441449893236,0.03089523928801219
native32@Fz,native32,fz,oracle,0,-1.613138837769183,-1.613138837769183,0.0
native32@Fz,native32,fz,oracle,1,-0.9341981073945163,-0.9341981073945163,0.0
native32@Fz,native32,fz,oracle,2,2.079441449893236,2.079441449893236,0.0
native32@O1,native32,o1,identity,0,0.0,-0.5527504624311295,0.5527504624311295
native32@O1,native32,o1,identity,1,0.0,-0.4083764776035473,0.4083764776035473
native32@O1,native32,o1,identity,2,0.0,1.5017388207076492,-1.5017388207076492
native32@O1,native32,o1,global_mean,0,-1.0664646632979802,-0.5527504624311295,-0.5137142008668507
native32@O1,native32,o1,global_mean,1,-0.706161570909973,-0.4083764776035473,-0.2977850933064257
native32@O1,native32,o1,global_mean,2,1.6748490417244768,1.5017388207076492,0.1731102210168276
native32@O1,native32,o1,pooled_bias,0,-1.1210924692375497,-0.5527504624311295,-0.5683420068064202
native32@O1,native32,o1,pooled_bias,1,-0.7394854386431947,-0.4083764776035473,-0.33110896103964743
native32@O1,native32,o1,pooled_bias,2,1.7588660089224768,1.5017388207076492,0.2571271882148276
native32@O1,native32,o1,topology_ridge,0,-0.6380191983145133,-0.5527504624311295,-0.0852687358833838
native32@O1,native32,o1,topology_ridge,1,-0.6789847967312242,-0.4083764776035473,-0.27060831912767697
native32@O1,native32,o1,topology_ridge,2,1.8132563825468815,1.5017388207076492,0.3115175618392323
native32@O1,native32,o1,logit_ridge,0,-0.5373324455687097,-0.5527504624311295,0.015418016862419726
native32@O1,native32,o1,logit_ridge,1,-0.39520156361908526,-0.4083764776035473,0.013174913984462022
native32@O1,native32,o1,logit_ridge,2,1.5027313864528355,1.5017388207076492,0.0009925657451863579
native32@O1,native32,o1,combined_ridge,0,-0.5361940880125856,-0.5527504624311295,0.01655637441854385
native32@O1,native32,o1,combined_ridge,1,-0.427037465816447,-0.4083764776035473,-0.018660988212899743
native32@O1,native32,o1,combined_ridge,2,1.5118789990337613,1.5017388207076492,0.010140178326112137
native32@O1,native32,o1,oracle,0,-0.5527504624311295,-0.5527504624311295,0.0
native32@O1,native32,o1,oracle,1,-0.4083764776035473,-0.4083764776035473,0.0
native32@O1,native32,o1,oracle,2,1.5017388207076492,1.5017388207076492,0.0
native32@O2,native32,o2,identity,0,0.0,-0.8168238821790903,0.8168238821790903
native32@O2,native32,o2,identity,1,0.0,0.0016125055379547911,-0.0016125055379547911
native32@O2,native32,o2,identity,2,0.0,1.887368269411522,-1.887368269411522
native32@O2,native32,o2,global_mean,0,-1.061075409833736,-0.8168238821790903,-0.24425152765464575
native32@O2,native32,o2,global_mean,1,-0.7145286930149016,0.0016125055379547911,-0.7161411985528564
native32@O2,native32,o2,global_mean,2,1.666979052975418,1.887368269411522,-0.22038921643610387
native32@O2,native32,o2,pooled_bias,0,-1.1194665364023486,-0.8168238821790903,-0.3026426542232583
native32@O2,native32,o2,pooled_bias,1,-0.7465469480083451,0.0016125055379547911,-0.7481594535462999
native32@O2,native32,o2,pooled_bias,2,1.7499565903695398,1.887368269411522,-0.13741167904198215
native32@O2,native32,o2,topology_ridge,0,-0.9029455426033166,-0.8168238821790903,-0.08612166042422631
native32@O2,native32,o2,topology_ridge,1,-0.02843745484381488,0.0016125055379547911,-0.030049960381769672
native32@O2,native32,o2,topology_ridge,2,2.047753610802671,1.887368269411522,0.1603853413911489
native32@O2,native32,o2,logit_ridge,0,-0.827709355407569,-0.8168238821790903,-0.01088547322847866
native32@O2,native32,o2,logit_ridge,1,0.010850446840125705,0.0016125055379547911,0.009237941302170913
native32@O2,native32,o2,logit_ridge,2,1.9031869942757684,1.887368269411522,0.015818724864246514
native32@O2,native32,o2,combined_ridge,0,-0.8145562580302177,-0.8168238821790903,0.0022676241488726046
native32@O2,native32,o2,combined_ridge,1,-0.009052746030178027,0.0016125055379547911,-0.01066525156813282
native32@O2,native32,o2,combined_ridge,2,1.908098998105897,1.887368269411522,0.020730728694374978
native32@O2,native32,o2,oracle,0,-0.8168238821790903,-0.8168238821790903,0.0
native32@O2,native32,o2,oracle,1,0.0016125055379547911,0.0016125055379547911,0.0
native32@O2,native32,o2,oracle,2,1.887368269411522,1.887368269411522,0.0
native32@P3,native32,p3,identity,0,0.0,-0.18068255467420108,0.18068255467420108
native32@P3,native32,p3,identity,1,0.0,-0.7377283591591348,0.7377283591591348
native32@P3,native32,p3,identity,2,0.0,1.3360136072538744,-1.3360136072538744
native32@P3,native32,p3,global_mean,0,-1.0740578859052645,-0.18068255467420108,-0.8933753312310635
native32@P3,native32,p3,global_mean,1,-0.6994401039394508,-0.7377283591591348,0.03828825521968404
native32@P3,native32,p3,global_mean,2,1.678231188937819,1.3360136072538744,0.34221758168394456
native32@P3,native32,p3,pooled_bias,0,-1.1265281714032505,-0.18068255467420108,-0.9458456167290494
native32@P3,native32,p3,pooled_bias,1,-0.7340532485173735,-0.7377283591591348,0.003675110641761292
native32@P3,native32,p3,pooled_bias,2,1.7623412827697569,1.3360136072538744,0.42632767551588246
native32@P3,native32,p3,topology_ridge,0,-0.01941335050180948,-0.18068255467420108,0.1612692041723916
native32@P3,native32,p3,topology_ridge,1,-0.8651876425147388,-0.7377283591591348,-0.12745928335560397
native32@P3,native32,p3,topology_ridge,2,1.2455520781369358,1.3360136072538744,-0.09046152911693861
native32@P3,native32,p3,logit_ridge,0,-0.20211703650476542,-0.18068255467420108,-0.021434481830564345
native32@P3,native32,p3,logit_ridge,1,-0.6795041813995731,-0.7377283591591348,0.05822417775956168
native32@P3,native32,p3,logit_ridge,2,1.342650368869482,1.3360136072538744,0.006636761615607556
native32@P3,native32,p3,combined_ridge,0,-0.18295529809283584,-0.18068255467420108,-0.0022727434186347595
native32@P3,native32,p3,combined_ridge,1,-0.7126442961781955,-0.7377283591591348,0.025084062980939348
native32@P3,native32,p3,combined_ridge,2,1.334476354235253,1.3360136072538744,-0.0015372530186215094
native32@P3,native32,p3,oracle,0,-0.18068255467420108,-0.18068255467420108,0.0
native32@P3,native32,p3,oracle,1,-0.7377283591591348,-0.7377283591591348,0.0
native32@P3,native32,p3,oracle,2,1.3360136072538744,1.3360136072538744,0.0
native32@P4,native32,p4,identity,0,0.0,-0.865066479820114,0.865066479820114
native32@P4,native32,p4,identity,1,0.0,0.04509112969041469,-0.04509112969041469
native32@P4,native32,p4,identity,2,0.0,1.9648859273808963,-1.9648859273808963
native32@P4,native32,p4,global_mean,0,-1.0600908670247355,-0.865066479820114,-0.19502438720462156
native32@P4,native32,p4,global_mean,1,-0.7154160118751558,0.04509112969041469,-0.7605071415655705
native32@P4,native32,p4,global_mean,2,1.6653970599556351,1.9648859273808963,-0.29948886742526115
native32@P4,native32,p4,pooled_bias,0,-1.1191216218411975,-0.865066479820114,-0.2540551420210835
native32@P4,native32,p4,pooled_bias,1,-0.7465490392775318,0.04509112969041469,-0.7916401689679465
native32@P4,native32,p4,pooled_bias,2,1.7482844809214646,1.9648859273808963,-0.2166014464594317
native32@P4,native32,p4,topology_ridge,0,-1.020827709270127,-0.865066479820114,-0.15576122945001303
native32@P4,native32,p4,topology_ridge,1,0.3436109297921809,0.04509112969041469,0.2985198001017662
native32@P4,native32,p4,topology_ridge,2,1.7563359338379427,1.9648859273808963,-0.20854999354295356
native32@P4,native32,p4,logit_ridge,0,-0.8757352898760519,-0.865066479820114,-0.010668810055937894
native32@P4,native32,p4,logit_ridge,1,0.020875167822573593,0.04509112969041469,-0.0242159618678411
native32@P4,native32,p4,logit_ridge,2,1.969579511865898,1.9648859273808963,0.004693584485001789
native32@P4,native32,p4,combined_ridge,0,-0.8992435993903334,-0.865066479820114,-0.034177119570219405
native32@P4,native32,p4,combined_ridge,1,0.06277368131238592,0.04509112969041469,0.01768255162197123
native32@P4,native32,p4,combined_ridge,2,1.9537711684573216,1.9648859273808963,-0.011114758923574719
native32@P4,native32,p4,oracle,0,-0.865066479820114,-0.865066479820114,0.0
native32@P4,native32,p4,oracle,1,0.04509112969041469,0.04509112969041469,0.0
native32@P4,native32,p4,oracle,2,1.9648859273808963,1.9648859273808963,0.0
native32@PO3,native32,po3,identity,0,0.0,-0.40149285800805495,0.40149285800805495
native32@PO3,native32,po3,identity,1,0.0,-0.6135719577640348,0.6135719577640348
native32@PO3,native32,po3,identity,2,0.0,1.4445901557212635,-1.4445901557212635
native32@PO3,native32,po3,global_mean,0,-1.0695515531841653,-0.40149285800805495,-0.6680586951761103
native32@PO3,native32,po3,global_mean,1,-0.7019739080495548,-0.6135719577640348,-0.08840195028552
native32@PO3,native32,po3,global_mean,2,1.6760153410099132,1.4445901557212635,0.23142518528864975
native32@PO3,native32,po3,pooled_bias,0,-1.1232352378722743,-0.40149285800805495,-0.7217423798642193
native32@PO3,native32,po3,pooled_bias,1,-0.7359885104717288,-0.6135719577640348,-0.12241655270769392
native32@PO3,native32,po3,pooled_bias,2,1.760257110324012,1.4445901557212635,0.31566695460274863
native32@PO3,native32,po3,topology_ridge,0,-0.021382408072278647,-0.40149285800805495,0.3801104499357763
native32@PO3,native32,po3,topology_ridge,1,-0.8800242787956688,-0.6135719577640348,-0.26645232103163397
native32@PO3,native32,po3,topology_ridge,2,1.2459430611231437,1.4445901557212635,-0.1986470945981198
native32@PO3,native32,po3,logit_ridge,0,-0.40615378846677064,-0.40149285800805495,-0.004660930458715684
native32@PO3,native32,po3,logit_ridge,1,-0.5872717871329619,-0.6135719577640348,0.026300170631072928
native32@PO3,native32,po3,logit_ridge,2,1.4557584761768712,1.4445901557212635,0.011168320455607672
native32@PO3,native32,po3,combined_ridge,0,-0.39348959937456884,-0.40149285800805495,0.00800325863348611
native32@PO3,native32,po3,combined_ridge,1,-0.6534368542192404,-0.6135719577640348,-0.03986489645520552
native32@PO3,native32,po3,combined_ridge,2,1.457175495012721,1.4445901557212635,0.012585339291457442
native32@PO3,native32,po3,oracle,0,-0.40149285800805495,-0.40149285800805495,0.0
native32@PO3,native32,po3,oracle,1,-0.6135719577640348,-0.6135719577640348,0.0
native32@PO3,native32,po3,oracle,2,1.4445901557212635,1.4445901557212635,0.0
native32@PO4,native32,po4,identity,0,0.0,-0.8833706456135194,0.8833706456135194
native32@PO4,native32,po4,identity,1,0.0,0.13548085187811676,-0.13548085187811676
native32@PO4,native32,po4,identity,2,0.0,2.049829687681468,-2.049829687681468
native32@PO4,native32,po4,global_mean,0,-1.0597173126207886,-0.8833706456135194,-0.1763466670072692
native32@PO4,native32,po4,global_mean,1,-0.7172607000830681,0.13548085187811676,-0.8527415519611848
native32@PO4,native32,po4,global_mean,2,1.663663513827052,2.049829687681468,-0.3861661738544162
native32@PO4,native32,po4,pooled_bias,0,-1.119447881263731,-0.8833706456135194,-0.23607723565021155
native32@PO4,native32,po4,pooled_bias,1,-0.7487603808991035,0.13548085187811676,-0.8842412327772202
native32@PO4,native32,po4,pooled_bias,2,1.746286618362162,2.049829687681468,-0.3035430693193062
native32@PO4,native32,po4,topology_ridge,0,-0.9043577144013519,-0.8833706456135194,-0.02098706878783252
native32@PO4,native32,po4,topology_ridge,1,0.46818001745609705,0.13548085187811676,0.3326991655779803
native32@PO4,native32,po4,topology_ridge,2,1.837541884873329,2.049829687681468,-0.2122878028081392
native32@PO4,native32,po4,logit_ridge,0,-0.9107810331353963,-0.8833706456135194,-0.027410387521876856
native32@PO4,native32,po4,logit_ridge,1,0.1199343256399088,0.13548085187811676,-0.015546526238207958
native32@PO4,native32,po4,logit_ridge,2,2.0461215558747385,2.049829687681468,-0.0037081318067295754
native32@PO4,native32,po4,combined_ridge,0,-0.8788728143422418,-0.8833706456135194,0.004497831271277564
native32@PO4,native32,po4,combined_ridge,1,0.10922326121136394,0.13548085187811676,-0.026257590666752817
native32@PO4,native32,po4,combined_ridge,2,2.0222471990525555,2.049829687681468,-0.02758248862891266
native32@PO4,native32,po4,oracle,0,-0.8833706456135194,-0.8833706456135194,0.0
native32@PO4,native32,po4,oracle,1,0.13548085187811676,0.13548085187811676,0.0
native32@PO4,native32,po4,oracle,2,2.049829687681468,2.049829687681468,0.0
native32@Pz,native32,pz,identity,0,0.0,-0.534481903984765,0.534481903984765
native32@Pz,native32,pz,identity,1,0.0,-0.29818787807785657,0.29818787807785657
native32@Pz,native32,pz,identity,2,0.0,1.6329142861068264,-1.6329142861068264
native32@Pz,native32,pz,global_mean,0,-1.0669895491877308,-0.534481903984765,-0.5325076452029658
native32@Pz,native32,pz,global_mean,1,-0.7065815931397679,-0.29818787807785657,-0.4083937150619113
native32@Pz,native32,pz,global_mean,2,1.67156682264781,1.6329142861068264,0.03865253654098355
native32@Pz,native32,pz,pooled_bias,0,-1.123982748538568,-0.534481903984765,-0.589500844553803
native32@Pz,native32,pz,pooled_bias,1,-0.7400880405908521,-0.29818787807785657,-0.4419001625129955
native32@Pz,native32,pz,pooled_bias,2,1.7566066696395484,1.6329142861068264,0.12369238353272194
native32@Pz,native32,pz,topology_ridge,0,-0.7017446365763886,-0.534481903984765,-0.1672627325916236
native32@Pz,native32,pz,topology_ridge,1,-0.3762252026188543,-0.29818787807785657,-0.07803732454099771
native32@Pz,native32,pz,topology_ridge,2,1.6757263380834262,1.6329142861068264,0.04281205197659976
native32@Pz,native32,pz,logit_ridge,0,-0.5709153703529251,-0.534481903984765,-0.03643346636816003
native32@Pz,native32,pz,logit_ridge,1,-0.22890488916772722,-0.29818787807785657,0.06928298891012935
native32@Pz,native32,pz,logit_ridge,2,1.6561059861234837,1.6329142861068264,0.02319170001665727
native32@Pz,native32,pz,combined_ridge,0,-0.6198976225157813,-0.534481903984765,-0.08541571853101626
native32@Pz,native32,pz,combined_ridge,1,-0.22368191156074446,-0.29818787807785657,0.07450596651711211
native32@Pz,native32,pz,combined_ridge,2,1.6796020929366509,1.6329142861068264,0.04668780682982443
native32@Pz,native32,pz,oracle,0,-0.534481903984765,-0.534481903984765,0.0
native32@Pz,native32,pz,oracle,1,-0.29818787807785657,-0.29818787807785657,0.0
native32@Pz,native32,pz,oracle,2,1.6329142861068264,1.6329142861068264,0.0
