epoch,train_loss,train_ce_loss,train_consistency_loss,train_auxiliary_preservation_loss,train_auxiliary_residual_consistency_loss,train_auxiliary_gate_supervision_loss,validation_auxiliary_preservation_loss,validation_auxiliary_consistency_loss,validation_auxiliary_gate_target_mean,validation_auxiliary_gate_nontarget_mean,validation_auxiliary_gate_supervision_loss,validation_car_balanced_accuracy,validation_balanced_accuracy,validation_consistency_loss,validation_prediction_disagreement,learning_rate
1.0,1.4268654685550266,1.4268654685550266,0.0,0.0,0.0,0.0,3.0357814466697164e-05,6.201196647110871e-14,0.2593507170677185,0.2594844698905945,0.8250170237012553,0.2688479333473802,0.2602541565216713,0.0010527909034863114,0.8833333333333333,6.450892358088527e-06
2.0,1.411690321498447,1.411690321498447,0.0,0.0,0.0,0.0,0.0001535500050522387,2.2538761221962966e-12,0.252967894077301,0.2533735930919647,0.8334761296388107,0.25227678571428575,0.2555968915343915,0.0007739999564364552,0.3933333333333333,1.6722788633201854e-05
3.0,1.4162070226669312,1.4162070226669312,0.0,0.0,0.0,0.0,0.0008331813151016831,3.8942724045476496e-11,0.21174833178520203,0.21177393198013306,0.9084000932760906,0.2564285714285714,0.2587808641975309,0.0006776104564778507,0.37777777777777777,3.3002647113295634e-05
4.0,1.4022493832199663,1.4022493832199663,0.0,0.0,0.0,0.0,0.00913531519472599,4.839756595487188e-09,0.25246182084083557,0.25047674775123596,0.9128981368359455,0.41589492028374764,0.3831888500647719,0.008369604125618935,0.6166666666666667,5.880448399262659e-05
5.0,1.2905636720304137,1.2905636720304137,0.0,0.0,0.0,0.0,0.0013256067177280784,1.1214386752556038e-08,0.14269980788230896,0.13817498087882996,1.0893281997936428,0.5090229930467762,0.4419436347957734,0.027584195137023926,0.5311111111111111,9.969763961567034e-05
6.0,1.192909996068036,1.192909996068036,0.0,0.0,0.0,0.0,0.01213127002120018,1.3806122467485693e-07,0.214535191655159,0.21205349266529083,0.9955777045940365,0.5414337073324906,0.4730645397293627,0.05342261865735054,0.6366666666666667,9.969763961567034e-05
7.0,1.1429733947471337,1.1429733947471337,0.0,0.0,0.0,0.0,0.004197755362838507,3.0454356192421983e-07,0.15790623426437378,0.14606846868991852,1.09507864997282,0.5455339145245118,0.48267462561065066,0.06616607308387756,0.61,9.969763961567034e-05
8.0,1.0909160697018658,1.0909160697018658,0.0,0.0,0.0,0.0,0.007467618212103844,6.244579253689153e-07,0.14830759167671204,0.1363072693347931,1.1907156940515786,0.5879561736198904,0.5129838089775406,0.06164613366127014,0.6966666666666667,9.969763961567034e-05
9.0,1.059679398889895,1.059679398889895,0.0,0.0,0.0,0.0,0.009522853419184685,1.0819888984769932e-06,0.14266830682754517,0.12733802199363708,1.288584510260381,0.597738841480545,0.5258276170186201,0.06442014873027802,0.6322222222222222,9.969763961567034e-05
10.0,1.0274637888979028,1.0274637888979028,0.0,0.0,0.0,0.0,0.006970966700464487,2.7449536901258398e-06,0.18195204436779022,0.17521029710769653,1.0779337670810185,0.6177050410872313,0.541809267258198,0.08217746764421463,0.6411111111111111,9.969763961567034e-05
11.0,1.0024097214804755,1.0024097214804755,0.0,0.0,0.0,0.0,0.0077131884172558784,5.759689429396531e-06,0.1753915399312973,0.16089050471782684,1.1548362728128196,0.6165590760640539,0.5435509971359898,0.08435617387294769,0.6444444444444445,9.969763961567034e-05
12.0,0.9850357943994028,0.9850357943994028,0.0,0.0,0.0,0.0,0.008092636242508888,9.017192496685311e-06,0.1543266773223877,0.1398480385541916,1.2935449681921631,0.5676474926253687,0.5003138851820638,0.08855018019676208,0.5944444444444444,9.969763961567034e-05
13.0,0.9591445673836602,0.9591445673836602,0.0,0.0,0.0,0.0,0.010555514134466648,6.9439624894584995e-06,0.15926985442638397,0.1520761251449585,1.2723979142191457,0.6213347643629723,0.5288058950227091,0.08041594177484512,0.67,9.969763961567034e-05
14.0,0.9382491183280944,0.9382491183280944,0.0,0.0,0.0,0.0,0.006553913466632366,5.582513040280901e-06,0.14306697249412537,0.13413016498088837,1.2835897675195371,0.625399327503863,0.5370662673050209,0.08060272783041,0.64,9.969763961567034e-05
15.0,0.9209018419407032,0.9209018419407032,0.0,0.0,0.0,0.0,0.012612086720764637,1.714870086289011e-05,0.18129901587963104,0.17378577589988708,1.233343955910508,0.6174775249332772,0.5480508586177835,0.10156608372926712,0.6511111111111111,9.969763961567034e-05
16.0,0.9016921612951491,0.9016921612951491,0.0,0.0,0.0,0.0,0.013731269165873528,1.5539217201876454e-05,0.18011474609375,0.1742730289697647,1.230907246452549,0.6389650056187667,0.5516910487974278,0.09073780477046967,0.6577777777777778,9.969763961567034e-05
17.0,0.8914675067089222,0.8914675067089222,0.0,0.0,0.0,0.0,0.006646051071584225,2.3649516151635908e-05,0.16066713631153107,0.14956560730934143,1.2884873549537386,0.6288170301306364,0.5563053292441198,0.12577414512634277,0.6633333333333333,9.969763961567034e-05
18.0,0.8676824323336283,0.8676824323336283,0.0,0.0,0.0,0.0,0.01389688067138195,2.933486393885687e-05,0.18271806836128235,0.1698576658964157,1.2064200654217572,0.6366984039190897,0.5730193652354418,0.10681825876235962,0.6755555555555556,9.969763961567034e-05
19.0,0.8528388939080415,0.8528388939080415,0.0,0.0,0.0,0.0,0.02019493095576763,3.703139009303413e-05,0.18055932223796844,0.16752278804779053,1.3404511426020187,0.6311228315072341,0.571835536943391,0.1098046600818634,0.6744444444444444,9.969763961567034e-05
20.0,0.8253841389550103,0.8253841389550103,0.0,0.0,0.0,0.0,0.014142779633402824,5.9790254454128444e-05,0.21667341887950897,0.20626838505268097,1.134388639362197,0.6357000193145105,0.5582870955658567,0.14328959584236145,0.6866666666666666,9.969763961567034e-05
